/*
SQLyog Ultimate v12.09 (64 bit)
MySQL - 5.5.40 : Database - health
*********************************************************************
*/

/*!40101 SET NAMES utf8 */;

/*!40101 SET SQL_MODE=''*/;

/*!40014 SET @OLD_UNIQUE_CHECKS=@@UNIQUE_CHECKS, UNIQUE_CHECKS=0 */;
/*!40014 SET @OLD_FOREIGN_KEY_CHECKS=@@FOREIGN_KEY_CHECKS, FOREIGN_KEY_CHECKS=0 */;
/*!40101 SET @OLD_SQL_MODE=@@SQL_MODE, SQL_MODE='NO_AUTO_VALUE_ON_ZERO' */;
/*!40111 SET @OLD_SQL_NOTES=@@SQL_NOTES, SQL_NOTES=0 */;
CREATE DATABASE /*!32312 IF NOT EXISTS*/`health` /*!40100 DEFAULT CHARACTER SET utf8 */;

USE `health`;

/*Table structure for table `t_address` */

DROP TABLE IF EXISTS `t_address`;

CREATE TABLE `t_address` (
  `id` int(11) NOT NULL AUTO_INCREMENT,
  `name` varchar(100) DEFAULT NULL,
  `helpCode` varchar(10) DEFAULT NULL,
  `location` varchar(150) DEFAULT NULL,
  `telephone` varchar(20) DEFAULT NULL,
  `openTime` varchar(100) DEFAULT NULL,
  `longitude` varchar(50) DEFAULT NULL,
  `latitude` varchar(50) DEFAULT NULL,
  `remark` varchar(128) DEFAULT NULL,
  `img` varchar(128) DEFAULT NULL,
  `status` varchar(10) DEFAULT NULL,
  PRIMARY KEY (`id`)
) ENGINE=InnoDB AUTO_INCREMENT=21 DEFAULT CHARSET=utf8;

/*Data for the table `t_address` */

insert  into `t_address`(`id`,`name`,`helpCode`,`location`,`telephone`,`openTime`,`longitude`,`latitude`,`remark`,`img`,`status`) values (15,'美年大健康(瑶海和平路体检部)','DTL','安徽省合肥市瑶海区和平路52号','0551-5545996','8:00-18:00','117.344777','31.859001','免费停车,免费医疗向导','885a8732-ae1c-4752-b559-79a642a18ebd2.jpg','暂停运营'),(16,'美年大健康(庐阳凤凰山路体检部)','FHS','安徽省合肥市庐阳区凤凰山路','0551-6639421','8:00-18:00','117.266157','31.894816','免费停车,免费医疗向导','11b59cf8-bfd1-4072-ad83-00b626c07f893.jpg','正常运营'),(17,'美年大健康(蜀山黄山路体检部)','HHL','安徽省合肥市蜀山区黄山路373号','0551-3669989','8:00-18:00','117.2709','31.847223','免费停车,免费医疗向导','e962196e-31c4-486c-b9dd-17c0907c8be92.jpg','正常运营'),(18,'美年大健康(包河机场路体检部)','JJL','安徽省合肥市包河区机场路14号','0551-4669928','8:00-18:00','117.301712','31.809212','免费停车,免费医疗向导','10b25f87-1ea3-4ae1-8e53-c6103273f6301.jpg','正常运营'),(20,'美年大健康(蜀山红枫路体检部)','TZSL','安徽省合肥市蜀山区红枫路39号','0551-6696899','8:00-18:00','117.195011','31.83299','免费停车,免费医疗向导','8a17450b-99e1-4685-8539-9740933a86db7.jpg','正常运营');

/*Table structure for table `t_address_setmeal` */

DROP TABLE IF EXISTS `t_address_setmeal`;

CREATE TABLE `t_address_setmeal` (
  `address_id` int(11) NOT NULL,
  `setmeal_id` int(11) NOT NULL,
  PRIMARY KEY (`address_id`,`setmeal_id`),
  KEY `setmeal_id` (`setmeal_id`),
  CONSTRAINT `t_address_setmeal_ibfk_1` FOREIGN KEY (`address_id`) REFERENCES `t_address` (`id`),
  CONSTRAINT `t_address_setmeal_ibfk_2` FOREIGN KEY (`setmeal_id`) REFERENCES `t_setmeal` (`id`)
) ENGINE=InnoDB DEFAULT CHARSET=utf8;

/*Data for the table `t_address_setmeal` */

insert  into `t_address_setmeal`(`address_id`,`setmeal_id`) values (15,12),(16,12),(17,12),(18,12),(20,12),(15,13),(16,13),(17,13),(18,13),(20,13),(15,14),(16,14),(17,14),(18,14),(20,14),(15,15),(16,15),(17,15),(18,15),(20,15);

/*Table structure for table `t_checkgroup` */

DROP TABLE IF EXISTS `t_checkgroup`;

CREATE TABLE `t_checkgroup` (
  `id` int(11) NOT NULL AUTO_INCREMENT,
  `code` varchar(32) DEFAULT NULL,
  `name` varchar(32) DEFAULT NULL,
  `helpCode` varchar(32) DEFAULT NULL,
  `sex` char(1) DEFAULT NULL,
  `remark` varchar(128) DEFAULT NULL,
  `attention` varchar(128) DEFAULT NULL,
  PRIMARY KEY (`id`)
) ENGINE=InnoDB AUTO_INCREMENT=16 DEFAULT CHARSET=utf8;

/*Data for the table `t_checkgroup` */

insert  into `t_checkgroup`(`id`,`code`,`name`,`helpCode`,`sex`,`remark`,`attention`) values (5,'0001','一般检查','YBJC','0','一般检查','无'),(6,'0002','视力色觉','SLSJ','0','视力色觉',NULL),(7,'0003','血常规','XCG','0','血常规',NULL),(8,'0004','尿常规','NCG','0','尿常规',NULL),(9,'0005','肝功三项','GGSX','0','肝功三项',NULL),(10,'0006','肾功三项','NGSX','0','肾功三项',NULL),(11,'0007','血脂四项','XZSX','0','血脂四项',NULL),(12,'0008','心肌酶三项','XJMSX','0','心肌酶三项',NULL),(13,'0009','甲功三项','JGSX','0','甲功三项',NULL),(14,'0010','子宫附件彩超','ZGFJCC','2','子宫附件彩超',NULL),(15,'0011','胆红素三项','DHSSX','0','胆红素三项',NULL);

/*Table structure for table `t_checkgroup_checkitem` */

DROP TABLE IF EXISTS `t_checkgroup_checkitem`;

CREATE TABLE `t_checkgroup_checkitem` (
  `checkgroup_id` int(11) NOT NULL DEFAULT '0',
  `checkitem_id` int(11) NOT NULL DEFAULT '0',
  PRIMARY KEY (`checkgroup_id`,`checkitem_id`),
  KEY `item_id` (`checkitem_id`),
  CONSTRAINT `group_id` FOREIGN KEY (`checkgroup_id`) REFERENCES `t_checkgroup` (`id`),
  CONSTRAINT `item_id` FOREIGN KEY (`checkitem_id`) REFERENCES `t_checkitem` (`id`)
) ENGINE=InnoDB DEFAULT CHARSET=utf8;

/*Data for the table `t_checkgroup_checkitem` */

insert  into `t_checkgroup_checkitem`(`checkgroup_id`,`checkitem_id`) values (5,28),(5,29),(5,30),(5,31),(5,32),(6,33),(6,34),(6,35),(6,36),(6,37),(7,38),(7,39),(7,40),(7,41),(7,42),(7,43),(7,44),(7,45),(7,46),(7,47),(7,48),(7,49),(7,50),(7,51),(7,52),(7,53),(7,54),(7,55),(7,56),(8,57),(8,58),(8,59),(8,60),(8,61),(8,62),(8,63),(8,64),(8,65),(8,66),(8,67),(8,68),(8,69),(8,70),(8,71),(9,72),(9,73),(9,74),(10,75),(10,76),(10,77),(11,78),(11,79),(11,80),(11,81),(12,82),(12,83),(12,84),(13,85),(13,86),(13,87),(14,88),(14,89),(15,90),(15,91),(15,92);

/*Table structure for table `t_checkitem` */

DROP TABLE IF EXISTS `t_checkitem`;

CREATE TABLE `t_checkitem` (
  `id` int(11) NOT NULL AUTO_INCREMENT,
  `code` varchar(16) DEFAULT NULL,
  `name` varchar(32) DEFAULT NULL,
  `sex` char(1) DEFAULT NULL,
  `age` varchar(32) DEFAULT NULL,
  `price` float DEFAULT NULL,
  `type` char(1) DEFAULT NULL COMMENT '查检项类型,分为检查和检验两种',
  `attention` varchar(128) DEFAULT NULL,
  `remark` varchar(128) DEFAULT NULL,
  `unit` varchar(255) DEFAULT NULL,
  `scope` varchar(255) DEFAULT NULL,
  PRIMARY KEY (`id`)
) ENGINE=InnoDB AUTO_INCREMENT=93 DEFAULT CHARSET=utf8;

/*Data for the table `t_checkitem` */

insert  into `t_checkitem`(`id`,`code`,`name`,`sex`,`age`,`price`,`type`,`attention`,`remark`,`unit`,`scope`) values (28,'0001','身高','0','0-100',5,'1','无','身高',NULL,NULL),(29,'0002','体重','0','0-100',5,'1','无','体重',NULL,NULL),(30,'0003','体重指数','0','0-100',5,'1','无','体重指数',NULL,NULL),(31,'0004','收缩压','0','0-100',5,'1','无','收缩压',NULL,NULL),(32,'0005','舒张压','0','0-100',5,'1','无','舒张压',NULL,NULL),(33,'0006','裸视力（右）','0','0-100',5,'1','无','裸视力（右）',NULL,NULL),(34,'0007','裸视力（左）','0','0-100',5,'1','无','裸视力（左）',NULL,NULL),(35,'0008','矫正视力（右）','0','0-100',5,'1','无','矫正视力（右）',NULL,NULL),(36,'0009','矫正视力（左）','0','0-100',5,'1','无','矫正视力（左）',NULL,NULL),(37,'0010','色觉','0','0-100',5,'1','无','色觉',NULL,NULL),(38,'0011','白细胞计数','0','0-100',10,'2','无','白细胞计数',NULL,NULL),(39,'0012','红细胞计数','0','0-100',10,'2',NULL,'红细胞计数',NULL,NULL),(40,'0013','血红蛋白','0','0-100',10,'2',NULL,'血红蛋白',NULL,NULL),(41,'0014','红细胞压积','0','0-100',10,'2',NULL,'红细胞压积',NULL,NULL),(42,'0015','平均红细胞体积','0','0-100',10,'2',NULL,'平均红细胞体积',NULL,NULL),(43,'0016','啊啊啊23','0','0-100',10,'2',NULL,'平均红细胞血红蛋白含量',NULL,NULL),(44,'0017','平均红细胞血红蛋白浓度','0','0-100',10,'2',NULL,'平均红细胞血红蛋白浓度',NULL,NULL),(45,'0018','红细胞分布宽度-变异系数','0','0-100',10,'2',NULL,'红细胞分布宽度-变异系数',NULL,NULL),(46,'0019','血小板计数','0','0-100',10,'2',NULL,'血小板计数',NULL,NULL),(47,'0020','平均血小板体积','0','0-100',10,'2',NULL,'平均血小板体积',NULL,NULL),(48,'0021','血小板分布宽度','0','0-100',10,'2',NULL,'血小板分布宽度',NULL,NULL),(49,'0022','淋巴细胞百分比','0','0-100',10,'2',NULL,'淋巴细胞百分比',NULL,NULL),(50,'0023','中间细胞百分比','0','0-100',10,'2',NULL,'中间细胞百分比',NULL,NULL),(51,'0024','中性粒细胞百分比','0','0-100',10,'2',NULL,'中性粒细胞百分比',NULL,NULL),(52,'0025','淋巴细胞绝对值','0','0-100',10,'2',NULL,'淋巴细胞绝对值',NULL,NULL),(53,'0026','中间细胞绝对值','0','0-100',10,'2',NULL,'中间细胞绝对值',NULL,NULL),(54,'0027','中性粒细胞绝对值','0','0-100',10,'2',NULL,'中性粒细胞绝对值',NULL,NULL),(55,'0028','红细胞分布宽度-标准差','0','0-100',10,'2',NULL,'红细胞分布宽度-标准差',NULL,NULL),(56,'0029','血小板压积','0','0-100',10,'2',NULL,'血小板压积',NULL,NULL),(57,'0030','尿比重','0','0-100',10,'2',NULL,'尿比重',NULL,NULL),(58,'0031','尿酸碱度','0','0-100',10,'2',NULL,'尿酸碱度',NULL,NULL),(59,'0032','尿白细胞','0','0-100',10,'2',NULL,'尿白细胞',NULL,NULL),(60,'0033','尿亚硝酸盐','0','0-100',10,'2',NULL,'尿亚硝酸盐',NULL,NULL),(61,'0034','尿蛋白质','0','0-100',10,'2',NULL,'尿蛋白质',NULL,NULL),(62,'0035','尿糖','0','0-100',10,'2',NULL,'尿糖',NULL,NULL),(63,'0036','尿酮体','0','0-100',10,'2',NULL,'尿酮体',NULL,NULL),(64,'0037','尿胆原','0','0-100',10,'2',NULL,'尿胆原',NULL,NULL),(65,'0038','尿胆红素','0','0-100',10,'2',NULL,'尿胆红素',NULL,NULL),(66,'0039','尿隐血','0','0-100',10,'2',NULL,'尿隐血',NULL,NULL),(67,'0040','尿镜检红细胞','0','0-100',10,'2',NULL,'尿镜检红细胞',NULL,NULL),(68,'0041','尿镜检白细胞','0','0-100',10,'2',NULL,'尿镜检白细胞',NULL,NULL),(69,'0042','上皮细胞','0','0-100',10,'2',NULL,'上皮细胞',NULL,NULL),(70,'0043','无机盐类','0','0-100',10,'2',NULL,'无机盐类',NULL,NULL),(71,'0044','尿镜检蛋白定性','0','0-100',10,'2',NULL,'尿镜检蛋白定性',NULL,NULL),(72,'0045','丙氨酸氨基转移酶','0','0-100',10,'2',NULL,'丙氨酸氨基转移酶',NULL,NULL),(73,'0046','天门冬氨酸氨基转移酶','0','0-100',10,'2',NULL,'天门冬氨酸氨基转移酶',NULL,NULL),(74,'0047','Y-谷氨酰转移酶','0','0-100',10,'2',NULL,'Y-谷氨酰转移酶',NULL,NULL),(75,'0048','尿素','0','0-100',10,'2',NULL,'尿素','mmol/L','2.0-7.1'),(76,'0049','肌酐','0','0-100',10,'2',NULL,'肌酐','μmoI/L','54-106'),(77,'0050','尿酸','0','0-100',10,'2',NULL,'尿酸','umol/L','149～416'),(78,'0051','总胆固醇','0','0-100',10,'2',NULL,'总胆固醇','mmol/L','3-5.2'),(79,'0052','甘油三酯','0','0-100',10,'2',NULL,'甘油三酯','mmol/L','<1.70'),(80,'0053','高密度脂蛋白胆固醇','0','0-100',10,'2',NULL,'高密度脂蛋白胆固醇','mmol/L','1.16-1.42'),(81,'0054','低密度脂蛋白胆固醇','0','0-100',10,'2',NULL,'低密度脂蛋白胆固醇','mg/dl','105-130'),(82,'0055','磷酸肌酸激酶','0','0-100',10,'2',NULL,'磷酸肌酸激酶',NULL,NULL),(83,'0056','磷酸肌酸激酶同工酶','0','0-100',10,'2',NULL,'磷酸肌酸激酶同工酶',NULL,NULL),(84,'0057','乳酸脱氢酶','0','0-100',10,'2',NULL,'乳酸脱氢酶',NULL,NULL),(85,'0058','三碘甲状腺原氨酸','0','0-100',10,'2',NULL,'三碘甲状腺原氨酸','mIU/L','3.5-6.5'),(86,'0059','甲状腺素','0','0-100',10,'2',NULL,'甲状腺素','mIU/L','0.27-4.2'),(87,'0060','促甲状腺激素','0','0-100',10,'2',NULL,'促甲状腺激素','mIU/L','0.37'),(88,'0061','子宫','2','0-100',10,'2',NULL,'子宫',NULL,NULL),(89,'0062','附件','2','0-100',10,'2',NULL,'附件',NULL,NULL),(90,'0063','总胆红素','0','0-100',10,'2',NULL,'总胆红素',NULL,NULL),(91,'0064','直接胆红素','0','0-100',10,'2',NULL,'直接胆红素',NULL,NULL),(92,'0065','间接胆红素','0','0-100',10,'2',NULL,'间接胆红素',NULL,NULL);

/*Table structure for table `t_food` */

DROP TABLE IF EXISTS `t_food`;

CREATE TABLE `t_food` (
  `id` int(12) NOT NULL AUTO_INCREMENT,
  `type` int(12) DEFAULT NULL,
  `name` varchar(30) DEFAULT NULL,
  `kj` int(20) DEFAULT NULL,
  `protein` double DEFAULT NULL,
  `fat` double DEFAULT NULL,
  `unit` varchar(30) DEFAULT NULL,
  PRIMARY KEY (`id`)
) ENGINE=InnoDB AUTO_INCREMENT=699 DEFAULT CHARSET=utf8;

/*Data for the table `t_food` */

insert  into `t_food`(`id`,`type`,`name`,`kj`,`protein`,`fat`,`unit`) values (7,1,'烙饼',1082,7.5,2.3,'个'),(8,1,'馒头',934,7,1.1,'个'),(9,1,'烧饼',1245,8,2.1,'个'),(10,1,'油饼',1687,709,22.9,'个'),(11,1,'油条',1624,6.9,17.6,'根'),(12,3,'水面筋',595,23.5,0.1,'碟（3.8寸）'),(13,3,'油面筋',2061,26.9,25.1,'碟（3.8寸）'),(14,3,'面筋',1522,16.2,33.2,'碟（3.8寸）'),(15,1,'米饭',486,2.6,0.3,'碗（4.5寸）'),(16,1,'粳米粥',195,1.1,0.3,'碗（4.5寸）'),(17,1,'籼米粉',1447,8,0.1,'碗（6寸）'),(18,1,'籼米粥',242,1.3,0.2,'碗（4.5寸）'),(19,1,'米粉',1446,0.4,0.8,'碗（6寸）'),(20,1,'河粉',1491,7.7,1.5,'碗（6寸）'),(21,1,'玉米',469,4,1.2,'根'),(22,1,'玉米面',1472,8.1,3.3,'碗（6寸）'),(23,1,'小米面',1494,7.2,2.1,'碗（6寸）'),(24,1,'小米粥',190,1.4,0.7,'碗（4.5寸）'),(25,1,'莜麦面',1572,12.2,7.2,'碗（6寸）'),(26,1,'薏米面',1469,11.3,2.4,'碗（6寸）'),(27,1,'荞麦面',1377,11.3,2.8,'碗（6寸）'),(28,1,'高粱面条',1271,7,0.2,'碗（6寸）'),(29,3,'马铃薯',323,2,0.2,'个'),(30,1,'甘薯',238,0.7,0.2,'个'),(31,1,'甘薯片',1439,4.7,0.8,'碟（3.8寸）'),(32,1,'木薯',498,2.1,0.3,'个'),(33,1,'藕粉',1559,0.2,0,'袋'),(34,1,'桂花藕粉',1438,0.4,0.1,'袋'),(35,1,'魔芋精粉',777,4.6,0.1,'碗（6寸）'),(36,1,'粉丝',1413,0.8,0.2,'碗（6寸）'),(37,1,'豌豆粉丝',1539,0.4,0,'碗（6寸）'),(38,1,'粉条',1416,0.5,0.1,'碗（6寸）'),(39,1,'绿豆面',1427,20.8,0.7,'碗（6寸）'),(40,1,'绿豆饼',512,15.2,1.2,'个'),(41,1,'小豆粥',259,1.2,0.4,'碗（4.5寸）'),(42,3,'芸豆',1320,23.4,1.4,'碟（3.8寸）'),(43,3,'蚕豆',1414,21.6,1,'碟（3.8寸）'),(44,3,'马牙蚕豆',1413,27.2,0.9,'碟（3.8寸）'),(45,3,'扁豆',1420,25.3,0.4,'碟（3.8寸）'),(46,3,'眉豆',1395,18.6,1.1,'碟（3.8寸）'),(47,3,'豌豆',1395,20.3,1.1,'碟（3.8寸）'),(48,3,'木豆',1454,19.8,4.5,'碟（3.8寸）'),(49,1,'艾窝窝',796,4.3,0,'个'),(50,1,'茶汤',388,1.5,0.1,'碗（4.5.寸）'),(51,1,'炒肝',403,2.8,8,'碗（4.5寸）'),(52,1,'春卷',1945,6.1,33.7,'个'),(53,1,'豆腐脑',200,2.6,1.8,'碗（6寸）'),(54,1,'粉皮',261,0.2,0.3,'碗(6寸)'),(55,1,'灌肠',561,0.2,0.3,'盘（6寸浅盘）'),(56,1,'煎饼',1480,7.6,0.7,'个'),(57,1,'焦圈',2233,6.9,34.9,'个'),(58,1,'京八件',1844,7.2,16.4,'个'),(59,1,'凉粉',212,0.3,0.5,'碗(6寸)'),(60,1,'凉面',700,4.8,1.7,'碗（6寸）'),(61,1,'龙虾片',1430,0.6,0.1,'碟（3.8寸）'),(62,1,'驴打滚',828,8.2,0.2,'个'),(63,1,'香酥卷',1541,7.5,3.6,'个'),(64,1,'面窝',1217,5.2,10.7,'个'),(65,1,'年糕',652,3.3,0.6,'块'),(66,1,'青稞炒面',1530,11.8,2.2,'碗（6寸）'),(67,1,'热干面',639,4.2,2.4,'碗（6寸）'),(68,1,'三鲜豆皮',998,6,10.2,'块'),(69,1,'豌豆黄',577,7.5,0.6,'块'),(70,1,'香油炒面',1716,12.4,4.8,'碗（6寸）'),(71,1,'油茶',401,2.4,0.9,'碗（4.5寸）'),(72,1,'油炸豆瓣',1699,25.1,9.8,'碟（3.8寸）'),(73,1,'油炸豆花',1689,33.4,14.8,'碟（3.8寸）'),(74,1,'炸糕',1179,6.1,12.3,'个'),(75,1,'黑芝麻汤圆',1300,4.4,13.8,'个'),(76,1,'酒酿',418,2.6,0.2,'碗（4.5寸）'),(77,1,'过桥米线',385,4,3.8,'碗（6寸）'),(78,1,'板油酥饼',1507,7.6,14.9,'个'),(79,2,'黄豆',1631,35,16,'碟（3.8寸）'),(80,2,'黑豆',1678,36,15.9,'碟（3.8寸）'),(81,2,'青豆',1667,34.5,16,'碟（3.8寸）'),(82,1,'豆腐花',1676,10,2.6,'碗（4.5寸）'),(83,2,'豆腐',342,8.1,3.7,'块'),(84,2,'豆腐丝',850,21.5,10.5,'碟（3.8寸）'),(85,2,'豆腐卷',849,17.9,11.6,'个'),(86,2,'豆腐皮',1715,44.6,17.4,'碟（3.8寸）'),(87,2,'油豆腐',1024,17,17.6,'碟（3.8寸）'),(88,2,'腐竹',1928,44.6,21.7,'碟（3.8寸）'),(89,2,'千张',1096,24.5,16,'碟（3.8寸）'),(90,2,'豆腐干',592,16.2,3.6,'碟（3.8寸）'),(91,2,'素大肠',648,18.1,3.6,'碟（3.8寸）'),(92,2,'素火腿',890,19.1,13.2,'碟（3.8寸）'),(93,2,'素鸡',810,16.5,12.5,'碟（3.8寸）'),(94,2,'素鸡丝卷',826,11.2,13.7,'碟（3.8寸）'),(95,2,'素什锦',741,14,10.2,'碟（3.8寸）'),(96,2,'炸素虾',2434,30,44.4,'碟（3.8寸）'),(97,2,'烤麸',507,20.4,0.3,'碟（3.8寸）'),(98,3,'白萝卜',94,0.9,0.1,'盘（6寸浅盘）'),(99,3,'红皮萝卜',121,1.2,0.1,'盘（6寸浅盘）'),(100,3,'红旦旦萝卜',79,0.8,0,'盘（6寸浅盘）'),(101,3,'红萝卜',91,1,0.1,'盘（6寸浅盘）'),(102,3,'红心萝卜',172,1.2,0,'盘（6寸浅盘）'),(103,3,'花叶萝卜',199,1.2,0.1,'盘（6寸浅盘）'),(104,3,'青萝卜',136,1.3,0.2,'盘（6寸浅盘）'),(105,3,'水萝卜',94,0.8,0,'盘（6寸浅盘）'),(106,3,'樱桃萝卜',36,0.9,0.1,'盘（6寸浅盘）'),(107,3,'胡萝卜',106,1,0.2,'盘（6寸浅盘）'),(108,3,'芥菜头',151,1.9,0.2,'盘（6寸浅盘）'),(109,3,'甜菜根',364,1,0.1,'盘（6寸浅盘）'),(110,3,'刀豆',165,3.1,0.3,'盘（6寸浅盘）'),(111,3,'豆角',144,2.5,0.2,'盘（6寸浅盘）'),(112,3,'荷兰豆',123,2.5,0.3,'盘（6寸浅盘）'),(113,3,'龙牙豆',80,2.6,0.2,'盘（6寸浅盘）'),(114,3,'毛豆',550,13.1,5,'碟（3.8寸）'),(115,3,'四季豆',131,2,0.4,'盘（8寸深盘）'),(116,3,'豌豆尖',943,3.1,0,'碟（3.8寸）'),(117,3,'豇豆',139,2.9,0.3,'盘（6寸浅盘）'),(118,3,'发芽豆',548,12.4,0.7,'碟（3.8寸）'),(119,3,'黄豆芽',198,4.5,1.6,'盘（6寸浅盘）'),(120,3,'绿豆芽',81,2.1,0.1,'盘（6寸浅盘）'),(121,3,'豌豆苗',158,4,0.8,'盘（6寸浅盘）'),(122,3,'黑豆苗',104,4.4,0.8,'盘（6寸浅盘）'),(123,3,'茄子',97,1.1,0.2,'盘（6寸浅盘）'),(124,3,'番茄',85,0.9,0.2,'盘（6寸浅盘）'),(125,3,'辣椒',159,1.3,0.4,'盘（6寸浅盘）'),(126,3,'甜椒',103,1,0.2,'盘（6寸浅盘）'),(127,3,'秋葵',189,2,0.1,'盘（6寸浅盘）'),(128,3,'樱桃番茄',91,1,0.2,'个'),(129,3,'彩椒',81,1.3,0.2,'盘（6寸浅盘）'),(130,3,'白瓜',51,0.9,0,'盘（8寸深盘）'),(131,3,'菜瓜',79,0.6,0.2,'盘（6寸浅盘）'),(132,3,'冬瓜',52,0.4,0.2,'盘（8寸深盘）'),(133,3,'佛手瓜',77,1.2,0.1,'盘（6寸浅盘）'),(134,3,'葫芦',67,0.7,0.1,'盘（6寸浅盘）'),(135,3,'葫芦条（干）',1069,4.3,1.8,'碟（3.8寸）'),(136,3,'黄瓜',65,0.8,0.2,'盘（8寸深盘）'),(137,3,'金瓜',63,0.5,0.1,'盘（8寸深盘）'),(138,3,'苦瓜',91,1,0.1,'盘（6寸浅盘）'),(139,3,'南瓜',97,0.7,0.1,'盘（6寸浅盘）'),(140,3,'丝瓜',90,1,0.2,'盘（6寸浅盘）'),(141,3,'西葫芦',79,0.8,0.2,'盘（6寸浅盘）'),(142,3,'黄金西葫芦',47,1.8,0.1,'盘（8寸深盘）'),(143,3,'黄茎瓜',76,1.2,0.9,'盘（8寸深盘）'),(144,3,'迷你黄瓜',51,1,0.2,'盘（8寸深盘）'),(145,3,'秋黄瓜',49,0.9,0.2,'盘（8寸深盘）'),(146,3,'蒜黄',101,2.5,0.2,'盘（6寸浅盘）'),(147,3,'蒜苗',169,2.1,0.4,'盘（6寸浅盘）'),(148,3,'蒜苔',274,2,0.1,'盘（6寸浅盘）'),(149,3,'大葱',138,1.7,0.3,'盘（6寸浅盘）'),(150,3,'细香葱',88,1.4,0.3,'盘（6寸浅盘）'),(151,3,'洋葱',169,1.1,0.2,'盘（6寸浅盘）'),(152,3,'韭菜',120,2.4,0.4,'盘（6寸浅盘）'),(153,3,'韭黄',101,2.3,0.2,'盘（6寸浅盘）'),(154,3,'韭苔',155,2.2,0.1,'盘（6寸浅盘）'),(155,3,'大白菜',76,1.5,0.1,'盘（6寸浅盘）'),(156,3,'酸白菜',62,1.1,0.2,'盘（8寸深盘）'),(157,3,'小白菜',72,1.5,0.3,'盘（6寸浅盘）'),(158,3,'菜心',118,2.8,0.5,'盘（6寸浅盘）'),(159,3,'红菜心',180,2.9,2.5,'盘（6寸浅盘）'),(160,3,'小青菜',76,1.7,0.2,'盘（6寸浅盘）'),(161,3,'油菜心',102,3.2,0.4,'盘（6寸浅盘）'),(162,3,'奶白菜',69,2.7,0.2,'盘（8寸深盘）'),(163,3,'鸡毛菜',61,2.7,0.2,'盘（8寸深盘）'),(164,3,'油菜',41,1.3,0.5,'盘（8寸深盘）'),(165,3,'卷心菜',101,1.5,0.2,'盘（6寸浅盘）'),(166,3,'菜花',110,2.1,0.2,'盘（6寸浅盘）'),(167,3,'西兰花',150,4.1,0.6,'盘（6寸浅盘）'),(168,3,'雪菜',114,2,0.4,'盘（6寸浅盘）'),(169,3,'芥蓝',92,2.8,0.4,'盘（6寸浅盘）'),(170,3,'圆白菜',51,0.9,0.2,'盘（8寸深盘）'),(171,3,'菠菜',116,2.6,0.3,'盘（6寸浅盘）'),(172,3,'胡萝卜缨',199,1.7,0.4,'盘（6寸浅盘）'),(173,3,'苦菜',192,2.8,0.6,'盘（6寸浅盘）'),(174,3,'萝卜缨',95,1.6,0.3,'盘（6寸浅盘）'),(175,3,'木耳菜',97,1.6,0.3,'盘（6寸浅盘）'),(176,3,'芹菜',71,0.8,0.1,'盘（6寸浅盘）'),(177,3,'芹菜茎',93,1.2,0.2,'盘（6寸浅盘）'),(178,3,'芹菜叶',146,2.6,0.6,'盘（6寸浅盘）'),(179,3,'生菜',69,1.4,0.4,'盘（6寸浅盘）'),(180,3,'甜菜叶',90,1.8,0.1,'盘（6寸浅盘）'),(181,3,'香菜',139,1.8,0.4,'盘（6寸浅盘）'),(182,3,'苋菜',146,2.8,0.4,'盘（6寸浅盘）'),(183,3,'茼蒿',98,1.9,0.3,'盘（6寸浅盘）'),(184,3,'茴香',114,2.5,0.4,'盘（6寸浅盘）'),(185,3,'荠菜',128,2.9,0.4,'盘（6寸浅盘）'),(186,3,'莴笋',62,1,0.1,'盘（6寸浅盘）'),(187,3,'莴笋叶',83,1.4,0.2,'盘（6寸浅盘）'),(188,3,'空心菜',97,2.2,0.3,'盘（6寸浅盘）'),(189,3,'西芹',51,0.6,0.1,'盘（8寸深盘）'),(190,3,'油麦菜',33,1.1,0.4,'盘（8寸深盘）'),(191,3,'竹笋',96,2.6,0.2,'盘（6寸浅盘）'),(192,3,'白笋（干）',1180,26,4,'碟（3.8寸）'),(193,3,'鞭笋',100,2.6,0,'盘（6寸浅盘）'),(194,3,'春笋',106,2.4,0.1,'盘（6寸浅盘）'),(195,3,'冬笋',174,4.1,0.1,'碟（3.8寸）'),(196,3,'毛笋',97,2.2,0.2,'盘（6寸浅盘）'),(197,3,'百合',692,3.2,0.1,'碟（3.8寸）'),(198,3,'黄花菜',897,19.4,1.4,'碟（3.8寸）'),(199,3,'芦笋',74,2.7,0.2,'盘（6寸浅盘）'),(200,3,'慈菇',406,4.6,0.2,'盘（6寸浅盘）'),(201,3,'豆瓣菜',82,2.9,0.5,'盘（6寸浅盘）'),(202,3,'藕',304,1.9,0.2,'盘（6寸浅盘）'),(203,3,'蒲菜',56,1.2,0.1,'盘（6寸浅盘）'),(204,3,'水芹菜',54,1.4,0.2,'盘（6寸浅盘）'),(205,3,'茭白',110,1.2,0.2,'盘（6寸浅盘）'),(206,3,'荸荠',256,1.2,0.2,'盘（6寸浅盘）'),(207,3,'大薯',450,2.1,0.2,'碟（3.8寸）'),(208,3,'凉薯',236,0.9,0.1,'盘（6寸浅盘）'),(209,3,'葛薯',628,2.2,0.2,'碟（3.8寸）'),(210,3,'山药',240,1.9,0.2,'盘（6寸浅盘）'),(211,3,'芋头',225,1.3,0.2,'盘（6寸浅盘）'),(212,3,'白薯叶',249,4.8,0.7,'盘（6寸浅盘）'),(213,3,'马兰头',119,2.4,0.4,'盘（6寸浅盘）'),(214,3,'香椿',211,1.7,0.4,'盘（6寸浅盘）'),(215,3,'榆钱',187,4.8,0.4,'盘（6寸浅盘）'),(216,3,'金花菜',268,3.9,1,'盘（6寸浅盘）'),(217,3,'荞菜',54,0.7,0.2,'盘（6寸浅盘）'),(218,3,'蕨菜（脱水）',1265,6.6,0.9,'碟（3.8寸）'),(219,3,'苦苣菜',121,3.1,0.6,'盘（6寸浅盘）'),(220,3,'草菇',111,2.7,0.2,'盘（6寸浅盘）'),(221,3,'大红菇（干）',1101,24.4,2.8,'碟（3.8寸）'),(222,3,'地衣（水浸）',40,1.5,1.2,'盘（8寸深盘）'),(223,3,'冬菇(干）',1158,17.8,1.3,'碟（3.8寸）'),(224,3,'猴头菇',88,2,0.2,'盘（6寸浅盘）'),(225,3,'黄蘑（水发）',127,4.3,0.4,'盘（6寸浅盘）'),(226,3,'金针菇',133,2.4,0.4,'盘（6寸浅盘）'),(227,3,'口蘑',1157,38.7,3.3,'碟（3.8寸）'),(228,3,'蘑菇（鲜）',100,2.7,0.1,'盘（6寸浅盘）'),(229,3,'蘑菇（干）',1231,21,4.6,'碟（3.8寸）'),(230,3,'木耳（干）',1107,12.1,1.5,'碟（3.8寸）'),(231,3,'木耳（水发）',111,1.5,0.2,'盘（6寸浅盘）'),(232,3,'平菇',101,1.9,0.3,'盘（6寸浅盘）'),(233,3,'普中红蘑（干）',1101,18.4,0.7,'碟（3.8寸）'),(234,3,'双孢蘑菇',107,4.2,0.1,'盘（6寸浅盘）'),(235,3,'松蘑（干）',867,20.3,3.2,'碟（3.8寸）'),(236,3,'香菇（鲜）',108,2.2,0.3,'盘（6寸浅盘）'),(237,3,'香菇(干）',1148,20,1.2,'碟（3.8寸）'),(238,3,'银耳（干）',1092,10,1.4,'碟（3.8寸）'),(239,3,'珍珠白蘑（干）',1080,18.3,0.7,'碟（3.8寸）'),(240,3,'榛蘑（干）',745,9.5,3.7,'碟（3.8寸）'),(241,3,'榛蘑（水发）',220,2.8,1.1,'盘（6寸浅盘）'),(242,3,'白蘑菇',113,3.5,0.4,'碟（3.8寸）'),(243,3,'茶树菇（干）',1166,23.1,2.6,'碟（3.8寸）'),(244,3,'黄蘑（干）',940,24.6,6.4,'碟（3.8寸）'),(245,3,'鸡腿菇（干）',1075,26.7,2,'碟（3.8寸）'),(246,3,'鸡枞菌',68,2.5,0.2,'盘（8寸深盘）'),(247,3,'白牛肝菌',134,4,0.4,'盘（6寸浅盘）'),(248,3,'白牛肝菌(干）',1057,27.8,1.6,'碟（3.8寸）'),(249,3,'黑牛肝菌',121,3.6,0.2,'盘（6寸浅盘）'),(250,3,'黄皮牛肝菌',100,4.3,0.1,'盘（6寸浅盘）'),(251,3,'乳牛肝菌（干）',746,15.3,2.8,'碟（3.8寸）'),(252,3,'平菇',59,1.7,0.1,'盘（8寸深盘）'),(253,3,'青头菌',63,2.7,0.1,'盘（8寸深盘）'),(254,3,'杏鲍菇',129,1.3,0.1,'盘（6寸浅盘）'),(255,3,'血红菇（干）',1054,22.4,6.7,'碟（3.8寸）'),(256,3,'元蘑（干）',609,12.3,1.5,'碟（3.8寸）'),(257,3,'竹荪（干）',648,17.8,3.1,'碟（3.8寸）'),(258,3,'发菜（干）',1082,20.2,0.5,'碟（3.8寸）'),(259,3,'海带',55,1.2,0.1,'盘（8寸深盘）'),(260,3,'海带（干）',374,1.8,0.1,'盘（6寸浅盘）'),(261,3,'海带（浸）',65,1.1,0.1,'盘（8寸深盘）'),(262,3,'海冻菜',1314,5.4,0.1,'碟（3.8寸）'),(263,3,'苔菜（干）',697,19,0.4,'碟（3.8寸）'),(264,3,'紫菜（干）',1046,26.7,1.1,'碟（3.8寸）'),(265,3,'螺旋藻（干）',1487,64.7,3.1,'碟（3.8寸）'),(266,3,'裙带菜（干）',498,25,1.7,'盘（6寸浅盘）'),(267,4,'苹果',227,0.2,0.2,'个'),(268,4,'红富士苹果',205,0.7,0.4,'个'),(269,4,'秋里蒙苹果',179,0.2,0.2,'个'),(270,4,'香玉苹果',261,0.5,0.1,'个'),(271,4,'梨',211,0.4,0.2,'个'),(272,4,'巴梨',212,0.4,0.2,'个'),(273,4,'库尔勒梨',174,0.1,0.1,'个'),(274,4,'莱阳梨',227,0.3,0.2,'个'),(275,4,'马蹄黄梨',207,0.3,0.1,'个'),(276,4,'明月梨',228,0.3,0.2,'个'),(277,4,'木梨',132,0.4,0.1,'个'),(278,4,'苹果梨',220,0.2,0.1,'个'),(279,4,'软梨',134,0.4,0.2,'个'),(280,4,'苏梅梨',323,1.2,0.2,'个'),(281,4,'苏木梨',220,0.6,0.3,'个'),(282,4,'酥梨',190,0.3,0.1,'个'),(283,4,'酸梨',138,0.1,0.1,'个'),(284,4,'香梨',214,0.3,0.1,'个'),(285,4,'雪花梨',178,0.2,0.1,'个'),(286,4,'雪梨',332,0.9,0.1,'个'),(287,4,'鸭广梨',251,0.6,0.2,'个'),(288,4,'鸭梨',187,0.2,0.2,'个'),(289,4,'鳄梨',674,2,15.3,'个'),(290,4,'大山楂',425,0.5,0.6,'个'),(291,4,'红果（干）',1051,4.3,2.2,'个'),(292,4,'海棠果',319,0.2,0.2,'个'),(293,4,'沙果',292,0.4,0.1,'个'),(294,4,'蛇果',232,0.1,0.2,'个'),(295,4,'桃',212,0.9,0.1,'个'),(296,4,'白粉桃',110,1.3,0.1,'个'),(297,4,'黄桃',236,0.5,0.1,'个'),(298,4,'金红桃',118,0.7,0.1,'个'),(299,4,'水蜜桃',176,0.6,0.1,'个'),(300,4,'蜜桃',180,0.9,0.2,'个'),(301,4,'李子',157,0.7,0.2,'个'),(302,4,'李子杏',155,1,0.1,'个'),(303,4,'梅',144,0.9,0.9,'个'),(304,4,'杏',160,0.9,0.1,'个'),(305,4,'杏干',1416,2.7,0.4,'个'),(306,4,'黑李子',173,0.6,0.2,'个'),(307,4,'西梅',163,0.7,0.1,'个'),(308,4,'枣（鲜）',524,1.1,0.3,'个'),(309,4,'枣（干）',1155,3.2,0.5,'颗'),(310,4,'金丝小枣',1287,1.2,1.1,'碟（3.8寸）'),(311,4,'乐陵枣',973,3.3,0.6,'颗'),(312,4,'黑枣',1031,3.7,0.5,'碟（3.8寸）'),(313,4,'酒枣',620,1.6,0.2,'颗'),(314,4,'蜜枣',1393,1.3,0.2,'碟（3.8寸）'),(315,4,'冬枣',439,1.8,0.2,'个'),(316,4,'小枣（干）',1114,2.7,0.7,'碟（3.8寸）'),(317,4,'酸枣',1253,3.5,1.5,'个'),(318,4,'樱桃',194,1.1,0.2,'碟（3.8寸）'),(319,4,'葡萄',185,0.5,0.2,'颗'),(320,4,'红玫瑰葡萄',175,0.4,0.2,'颗'),(321,4,'巨峰葡萄',212,0.4,0.2,'颗'),(322,4,'马奶子葡萄',172,0.5,0.4,'颗'),(323,4,'玫瑰香葡萄',216,0.4,0.4,'颗'),(324,4,'紫葡萄',187,0.7,0.3,'颗'),(325,4,'葡萄干',1439,2.5,0.4,'勺'),(326,4,'石榴',304,1.4,0.2,'个'),(327,4,'红粉皮石榴',309,1.3,0.1,'个'),(328,4,'玛瑙石榴',303,1.6,0.2,'个'),(329,4,'青皮石榴',296,1.2,0.2,'个'),(330,4,'柿',308,0.4,0.1,'个'),(331,4,'荷柿',272,0.6,0.2,'个'),(332,4,'磨盘柿',331,0.7,0.1,'个'),(333,4,'柿饼',1067,1.8,0.2,'个'),(334,4,'桑葚',240,1.7,0.4,'碟（3.8寸）'),(335,4,'无花果',272,1.5,0.1,'个'),(336,4,'中华猕猴桃',257,0.8,0.6,'个'),(337,4,'草莓',134,1,0.2,'个'),(338,4,'红提子葡萄',218,0.4,0.2,'颗'),(339,4,'无花果（干）',1510,3.6,4.3,'个'),(340,4,'橙',202,0.8,0.2,'个'),(341,4,'柑橘',215,0.7,0.2,'个'),(342,4,'福橘',193,1,0.2,'个'),(343,4,'金橘',242,1,0.2,'个'),(344,4,'芦柑',185,0.6,0.2,'个'),(345,4,'蜜橘',189,0.8,0.4,'个'),(346,4,'三湖红橘',181,0.8,0.3,'个'),(347,4,'四川红橘',174,0.7,0.1,'个'),(348,4,'橘饼',1551,0.6,0.4,'个'),(349,4,'柚',177,0.8,0.2,'瓣'),(350,4,'柠檬',156,1.1,1.2,'个'),(351,4,'西柚',138,0.7,0.3,'个'),(352,4,'芭蕉',482,1.2,0.1,'根'),(353,4,'菠萝',182,0.5,0.1,'块'),(354,4,'菠萝蜜',438,0.2,0.3,'块'),(355,4,'刺梨',264,0.7,0.1,'个'),(356,4,'番石榴',222,1.1,0.4,'个'),(357,4,'桂圆',298,1.2,0.1,'个'),(358,4,'桂圆肉',1328,4.6,1,'个'),(359,4,'荔枝',296,0.9,0.2,'个'),(360,4,'芒果',146,0.6,0.2,'个'),(361,4,'木瓜',121,0.4,0.1,'块'),(362,4,'人参果',362,0.6,0.7,'个'),(363,4,'香蕉',389,1.4,0.2,'根'),(364,4,'杨梅',125,0.8,0.2,'个'),(365,4,'杨桃',131,0.6,0.2,'个'),(366,4,'枇杷',170,0.8,0.2,'个'),(367,4,'橄榄',240,0.8,0.2,'个'),(368,4,'红毛丹',330,1,1.2,'个'),(369,4,'火龙果',215,1.1,0.2,'块'),(370,4,'荔枝（干）',1327,4.5,1.2,'个'),(371,4,'榴莲',613,2.6,3.3,'块'),(372,4,'酸木瓜',146,0.3,0.2,'块'),(373,4,'蒲桃',160,0.6,1.2,'个'),(374,4,'山竹',290,0.4,0.2,'个'),(375,4,'白金瓜',106,0.4,1.2,'块'),(376,4,'白兰瓜',96,0.6,0.1,'块'),(377,4,'哈密瓜',143,0.5,0.1,'块'),(378,4,'黄河蜜瓜',47,0.4,1.2,'块'),(379,4,'甜瓜',111,0.4,0.1,'块'),(380,4,'西瓜',108,0.6,0.1,'块'),(381,4,'小西瓜',123,0.8,0.1,'块'),(382,5,'白果（干）',1485,13.2,1.3,'颗'),(383,5,'菠萝蜜子',688,4.9,0.3,'碟（3.8寸）'),(384,5,'毛核桃',771,12,6.7,'碟（3.8寸）'),(385,5,'山核桃',2559,7.9,50.8,'碟（3.8寸）'),(386,5,'栗子（熟）',897,4.8,1.5,'碟（3.8寸）'),(387,5,'松子（炒）',2693,14.1,58.5,'碟（3.8寸）'),(388,5,'松子仁',3003,13.4,70.6,'碟（3.8寸）'),(389,5,'杏仁（炒）',2587,25.7,51,'碟（3.8寸）'),(390,5,'榛子（炒）',2555,30.5,50.3,'碟（3.8寸）'),(391,5,'栗子仁',727,4.5,1.5,'碟（3.8寸）'),(392,5,'松子',2218,12.9,40.4,'碟（3.8寸）'),(393,5,'杏仁',2619,25.1,58.4,'碟（3.8寸）'),(394,5,'腰果',2484,24,50.9,'碟（3.8寸）'),(395,5,'榛子',2579,12.5,57.3,'碟（3.8寸）'),(396,5,'榛子仁',2552,15.6,52.9,'碟（3.8寸）'),(397,5,'开心果',2570,20.6,53,'碟（3.8寸）'),(398,5,'香榧',2586,12.4,57,'碟（3.8寸）'),(399,5,'花生（鲜）',1310,12,25.4,'碟（3.8寸）'),(400,5,'花生（炒）',2516,21.7,48,'碟（3.8寸）'),(401,5,'花生仁（炒）',2466,23.9,44.4,'碟（3.8寸）'),(402,5,'葵花子（炒）',2616,22.6,52.8,'碟（3.8寸）'),(403,5,'葵花子仁',2572,19.1,53.4,'碟（3.8寸）'),(404,5,'莲子（干）',1463,17.2,2,'碟（3.8寸）'),(405,5,'南瓜子（炒）',2436,36,46.1,'碟（3.8寸）'),(406,5,'南瓜子仁',2408,33.2,48.1,'碟（3.8寸）'),(407,5,'西瓜子',2434,32.7,44.8,'碟（3.8寸）'),(408,5,'西瓜子仁',2369,32.4,45.9,'碟（3.8寸）'),(409,5,'花生',2366,26.4,46.3,'碟（3.8寸）'),(410,5,'花生仁（油炸）',2296,22.2,47.1,'碟（3.8寸）'),(411,6,'猪肉',1653,13.2,37,'碟（3.8寸）'),(412,6,'猪肉（里脊)',649,20.2,7.9,'盘（6寸浅盘）'),(413,6,'猪大肠',820,6.9,18.7,'盘（6寸浅盘）'),(414,6,'猪大排',1105,18.3,20.4,'块'),(415,6,'猪耳',736,19.1,11.1,'盘（6寸浅盘）'),(416,6,'猪蹄',1088,22.6,18.8,'碟（3.8寸）'),(417,6,'猪蹄筋',653,35.3,1.4,'盘（6寸浅盘）'),(418,6,'猪头皮',2088,11.8,44.6,'碟（3.8寸）'),(419,6,'猪小排',1163,16.7,23.1,'块'),(420,6,'猪肘棒',1038,16.5,16,'碟（3.8寸）'),(421,6,'猪皮',1517,27.4,28.1,'碟（3.8寸）'),(422,6,'猪肚',460,15.2,5.1,'盘（6寸浅盘）'),(423,6,'猪肺',351,12.2,3.9,'盘（6寸浅盘）'),(424,6,'猪肝',540,19.3,3.5,'盘（6寸浅盘）'),(425,6,'猪脑',548,10.8,9.8,'盘（6寸浅盘）'),(426,6,'猪脾',393,13.2,3.2,'盘（6寸浅盘）'),(427,6,'猪舌',975,15.7,18.1,'碟（3.8寸）'),(428,6,'猪肾',573,16,8.1,'盘（6寸浅盘）'),(429,6,'猪小肠',272,10,2,'盘（6寸浅盘）'),(430,6,'猪心',498,16.6,5.3,'盘（6寸浅盘）'),(431,6,'猪血',230,12.2,0.3,'盘（6寸浅盘）'),(432,6,'叉烧肉',1167,23.8,16.9,'碟（3.8寸）'),(433,6,'酱汁肉',2297,15.5,50.4,'碟（3.8寸）'),(434,6,'卤猪杂',778,24.6,4.8,'碟（3.8寸）'),(435,6,'咸肉',1632,16.5,36,'碟（3.8寸）'),(436,6,'猪肉松',1657,23.4,11.5,'勺'),(437,6,'火腿心肉',2209,22.2,48.8,'碟（3.8寸）'),(438,6,'腊肉',2895,18.2,68,'碟（3.8寸）'),(439,6,'酱排骨',1529,21.7,26.7,'碟（3.8寸）'),(440,6,'香糟块肉',2266,15.5,53.3,'碟（3.8寸）'),(441,6,'猪肉脯',1580,28,8.8,'碟（3.8寸）'),(442,6,'肉酥',2128,30.7,27.1,'勺'),(443,6,'酱肘子',846,29.6,8.5,'碟（3.8寸）'),(444,6,'大肉肠',1142,12,22.9,'碟（3.8寸）'),(445,6,'儿童肠',1213,13.1,19.6,'碟（3.8寸）'),(446,6,'风干肠',1184,12.4,23.3,'碟（3.8寸）'),(447,6,'广东香肠',1812,18,37.3,'碟（3.8寸）'),(448,6,'火腿肠',887,14,10.4,'碟（3.8寸）'),(449,6,'腊肠',2443,22,48.3,'碟（3.8寸）'),(450,6,'松江肠',1682,12.3,26.5,'碟（3.8寸）'),(451,6,'蒜肠',1293,7.5,25.4,'碟（3.8寸）'),(452,6,'香肠',2125,24.1,40.7,'碟（3.8寸）'),(453,6,'小红肠',1172,11.8,23.2,'碟（3.8寸）'),(454,6,'小泥肠',1234,11.3,26.3,'碟（3.8寸）'),(455,6,'午餐肠',1092,2.9,16.6,'碟（3.8寸）'),(456,6,'火腿',1381,16,27.4,'碟（3.8寸）'),(457,6,'金华火腿',1331,16.4,28,'碟（3.8寸）'),(458,6,'脆皮肠',1262,16.6,24,'碟（3.8寸）'),(459,6,'热狗肠',1284,13.2,25.2,'碟（3.8寸）'),(460,6,'三明治火腿',481,12.5,4.5,'碟（3.8寸）'),(461,6,'午餐肉',1339,9,30.1,'碟（3.8寸）'),(462,6,'牛肉',523,19.9,4.2,'盘（6寸浅盘）'),(463,6,'牛蹄筋',632,34.1,0.5,'盘（6寸浅盘）'),(464,6,'牛大肠',276,11,2.3,'盘（6寸浅盘）'),(465,6,'牛肚',301,14.5,1.6,'盘（6寸浅盘）'),(466,6,'牛肺',397,16.5,2.5,'盘（6寸浅盘）'),(467,6,'牛肝',582,19.8,3.9,'盘（6寸浅盘）'),(468,6,'牛脑',623,12.5,11,'盘（6寸浅盘）'),(469,6,'牛舌',820,17,13.3,'盘（6寸浅盘）'),(470,6,'牛肾',393,15.6,2.4,'盘（6寸浅盘）'),(471,6,'牛心',444,15.4,3.5,'盘（6寸浅盘）'),(472,6,'牛百叶',292,13.2,1.9,'盘（6寸浅盘）'),(473,6,'酱牛肉',1029,31.4,11.9,'碟（3.8寸）'),(474,6,'牛肉干',2301,45.6,40,'碟（3.8寸）'),(475,6,'牛肉松',1862,8.2,15.7,'勺'),(476,6,'牛腱子',856,35.6,5.5,'盘（6寸浅盘）'),(477,6,'羊肉',849,19,14.1,'盘（6寸浅盘）'),(478,6,'羊肉（里脊）',431,20.5,1.6,'盘（6寸浅盘）'),(479,6,'山羊肉',1226,8.7,24.5,'碟（3.8寸）'),(480,6,'羊蹄筋（生）',665,34.3,2.4,'碟（3.8寸）'),(481,6,'羊蹄筋（泡发）',172,8.4,1.2,'盘（8寸深盘）'),(482,6,'羊肉片',492,18,4,'盘（6寸浅盘）'),(483,6,'羊大肠',314,13.4,2.4,'盘（8寸深盘）'),(484,6,'羊肚',364,12.2,3.4,'盘（8寸深盘）'),(485,6,'羊肺',402,16.2,2.4,'盘（8寸深盘）'),(486,6,'羊肝',561,17.9,3.6,'盘（6寸浅盘）'),(487,6,'羊脑',594,11.3,10.7,'盘（6寸浅盘）'),(488,6,'羊舌',941,19.4,14.2,'盘（6寸浅盘）'),(489,6,'羊肾',402,16.6,2.8,'盘（6寸浅盘）'),(490,6,'羊心',473,13.8,5.5,'盘（6寸浅盘）'),(491,6,'腊羊肉',1029,26.1,10.6,'碟（3.8寸）'),(492,6,'羊肉串',979,26.4,11.6,'串'),(493,6,'羊肉干',2460,28.2,46.7,'碟（3.8寸）'),(494,6,'山羊肉（酱）',1138,25.4,13.7,'碟（3.8寸）'),(495,6,'驴肉',485,21.5,3.2,'盘（6寸浅盘）'),(496,6,'兔肉',427,19.7,2.2,'盘（6寸浅盘）'),(497,6,'鸡',699,19.3,9.4,'碟（3.8寸）'),(498,6,'鸡胸脯肉',556,19.4,5,'盘（6寸浅盘）'),(499,6,'鸡翅',812,17.4,11.8,'碟（3.8寸）'),(500,6,'鸡腿',757,16,13,'碟（3.8寸）'),(501,6,'鸡爪',1063,23.9,16.4,'碟（3.8寸）'),(502,6,'鸡块',861,12.2,9.1,'碟（3.8寸）'),(503,6,'山鸡',527,20.4,2,'盘（6寸浅盘）'),(504,6,'鸡肝',506,16.7,4.8,'盘（6寸浅盘）'),(505,6,'鸡心',720,15.9,11.8,'盘（6寸浅盘）'),(506,6,'鸡血',205,7.8,0.2,'盘（8寸深盘）'),(507,6,'鸡胗',494,19.2,2.8,'盘（6寸浅盘）'),(508,6,'扒鸡',908,29.6,11,'碟（3.8寸）'),(509,6,'烤鸡',1004,22.4,16.7,'碟（3.8寸）'),(510,6,'卤煮鸡',887,29.4,7.9,'碟（3.8寸）'),(511,6,'瓦罐鸡汤（肉）',795,20.9,9.5,'碗（4.5.寸）'),(512,6,'瓦罐鸡汤（汤）',113,1.3,2.4,'碗(6寸)'),(513,6,'鸡肉松',1841,7.2,16.4,'勺'),(514,6,'童子鸡',946,15.8,18.1,'碟（3.8寸）'),(515,6,'鸭',1004,15.5,19.7,'碟（3.8寸）'),(516,6,'鸭胸脯肉',377,15,1.5,'盘（6寸浅盘）'),(517,6,'鸭皮',2251,6.5,50.2,'碟（3.8寸）'),(518,6,'鸭翅',611,16.5,6.1,'碟（3.8寸）'),(519,6,'鸭掌',628,26.9,1.9,'碟（3.8寸）'),(520,6,'鸭肠',540,14.2,7.8,'碟（3.8寸）'),(521,6,'鸭肝',536,14.5,7.5,'盘（6寸浅盘）'),(522,6,'鸭舌',1025,16.6,19.7,'碟（3.8寸）'),(523,6,'鸭心',598,12.8,8.9,'盘（6寸浅盘）'),(524,6,'鸭血',452,13.6,0.4,'盘（6寸浅盘）'),(525,6,'鸭胰',469,19.8,1.2,'盘（6寸浅盘）'),(526,6,'鸭肫',385,17.9,1.3,'盘（6寸浅盘）'),(527,6,'北京烤鸭',1824,16.6,38.4,'碟（3.8寸）'),(528,6,'北京填鸭',1778,9.3,41.3,'碟（3.8寸）'),(529,6,'酱鸭',1113,18.9,18.4,'碟（3.8寸）'),(530,6,'盐水鸭',1310,16.6,26.1,'碟（3.8寸）'),(531,6,'鹅',1050,17.9,19.9,'盘（6寸浅盘）'),(532,6,'鹅肝',540,15.2,3.4,'盘（8寸深盘）'),(533,6,'鹅胗',418,19.6,1.9,'盘（8寸深盘）'),(534,6,'烧鹅',1209,19.7,21.5,'碟（3.8寸）'),(535,6,'腊鹅',1717,24.6,21.5,'碟（3.8寸）'),(536,6,'火鸡腿',381,20,1.2,'盘（8寸深盘）'),(537,6,'火鸡胸脯肉',431,22.4,0.2,'盘（8寸深盘）'),(538,6,'火鸡肝',598,20,5.6,'盘（6寸浅盘）'),(539,6,'火鸡胗',381,18.9,0.3,'盘（8寸深盘）'),(540,6,'鸽',841,16.5,14.2,'碟（3.8寸）'),(541,6,'鹌鹑',460,20.2,3.1,'盘（6寸浅盘）'),(542,6,'乳鸽',1473,11.3,34.1,'碟（3.8寸）'),(543,6,'白条鱼',431,16.6,3.3,'块'),(544,6,'草鱼',473,16.6,5.2,'块'),(545,6,'黄鳝',372,18,1.4,'盘（6寸浅盘）'),(546,6,'黄鳝丝',289,15.4,0.8,'条'),(547,6,'鲤鱼',456,17.6,4.1,'块'),(548,6,'泥鳅',402,17.9,2,'盘（6寸浅盘）'),(549,6,'青鱼',494,20.1,4.2,'块'),(550,6,'黑鱼',356,18.5,1.2,'块'),(551,6,'银鱼',439,17.2,4,'盘（6寸浅盘）'),(552,6,'湟鱼',519,17.1,3.2,'块'),(553,6,'鲶鱼',431,17.3,3.7,'块'),(554,6,'江鲫',490,15.6,6.1,'块'),(555,6,'鲢鱼',435,17.8,3.6,'块'),(556,6,'鲫鱼',452,17.1,2.7,'块'),(557,6,'鲮鱼',397,18.4,2.1,'块'),(558,6,'鳊鱼',565,18.3,6.3,'块'),(559,6,'河鳗',757,18.6,10.8,'块'),(560,6,'胖头鱼',418,15.3,2.2,'块'),(561,6,'桂鱼',490,19.9,4.2,'块'),(562,6,'草鱼',403,17.7,2.6,'块'),(563,6,'白姑鱼',628,19.1,8.2,'块'),(564,6,'带鱼',531,17.7,4.9,'块'),(565,6,'海鲫鱼',862,17,13.7,'块'),(566,6,'海鳗',510,18.8,5,'块'),(567,6,'黄姑鱼',573,18.4,7,'块'),(568,6,'黄鱼',414,17.9,3,'块'),(569,6,'金线鱼',423,18.6,2.9,'块'),(570,6,'沙丁鱼',372,19.8,1.1,'碟（3.8寸）'),(571,6,'沙钻鱼',351,18.4,0.6,'条'),(572,6,'鲅鱼',657,23.3,1.6,'块'),(573,6,'鲈鱼',439,18.6,3.4,'块'),(574,6,'青花鱼',649,19.9,7.4,'块'),(575,6,'鲑鱼',582,17.2,7.8,'块'),(576,6,'鲑鱼子酱',1054,10.9,16.8,'勺'),(577,6,'鲳鱼',586,18.5,7.3,'块'),(578,6,'比目鱼',448,21.1,2.3,'块'),(579,6,'鳕鱼',368,20.4,0.5,'块'),(580,6,'带鱼',453,17.6,4.2,'块'),(581,6,'鱼排',669,10.1,2.4,'块'),(582,6,'鱼丸',447,11.1,1.3,'个'),(583,6,'草鱼（熏）',1184,24,16.5,'块'),(584,6,'丁香鱼',1686,19,28.2,'碟（3.8寸）'),(585,6,'凤尾鱼',2175,23.5,43,'碟（3.8寸）'),(586,6,'金枪鱼',794,27.1,9,'碟（3.8寸）'),(587,6,'鳗鱼',884,21.3,9.8,'块'),(588,6,'鳕鱼(炸）',983,12.4,14.3,'块'),(589,6,'白米虾',339,17.3,0.4,'盘（6寸浅盘）'),(590,6,'草虾',431,18.6,0.8,'盘（6寸浅盘）'),(591,6,'大虾',377,18.5,0.4,'盘（6寸浅盘）'),(592,6,'刺蛄',322,16,1.4,'盘（6寸浅盘）'),(593,6,'对虾',389,18.6,0.8,'盘（6寸浅盘）'),(594,6,'海虾',331,16.8,0.6,'盘（6寸浅盘）'),(595,6,'河虾',364,16.4,2.4,'盘（6寸浅盘）'),(596,6,'基围虾',423,18.2,1.4,'盘（6寸浅盘）'),(597,6,'沼虾',364,10.3,0.9,'盘（6寸浅盘）'),(598,6,'龙虾',377,18.9,1.1,'盘（6寸浅盘）'),(599,6,'明虾',356,13.4,1.8,'盘（6寸浅盘）'),(600,6,'虾虎',339,11.6,1.7,'盘（6寸浅盘）'),(601,6,'虾皮',640,30.7,2.2,'盘（6寸浅盘）'),(602,6,'螯虾',389,14.8,3.8,'盘（6寸浅盘）'),(603,6,'虾米',828,43.7,2.6,'碟（3.8寸）'),(604,6,'虾仁',202,10.4,0.7,'盘（6寸浅盘）'),(605,6,'虾仁肉丸',632,4.6,7.4,'个'),(606,6,'海蟹',397,13.8,2.3,'盘（6寸浅盘）'),(607,6,'河蟹',431,17.5,2.6,'盘（6寸浅盘）'),(608,6,'青蟹',335,14.6,1.6,'盘（6寸浅盘）'),(609,6,'梭子蟹',397,15.9,3.1,'盘（6寸浅盘）'),(610,6,'蟹肉',259,11.6,1.2,'盘（8寸深盘）'),(611,6,'鲍鱼',351,12.6,0.8,'盘（6寸浅盘）'),(612,6,'鲍鱼（干）',1347,54.1,5.6,'碟（3.8寸）'),(613,6,'蛏子',167,7.3,0.3,'盘（6寸浅盘）'),(614,6,'蛏干',1423,46.5,4.9,'碟（3.8寸）'),(615,6,'赤贝',255,13.9,0.6,'碟（3.8寸）'),(616,6,'河蚌',226,10.9,0.8,'碟（3.8寸）'),(617,6,'河蚬',197,7,1.4,'碟（3.8寸）'),(618,6,'牡蛎',305,5.3,2.1,'盘（6寸浅盘）'),(619,6,'生蚝',238,10.9,1.5,'盘（8寸深盘）'),(620,6,'泥蚶',297,10,0.8,'碟（3.8寸）'),(621,6,'扇贝（鲜）',251,11.1,0.6,'碟（3.8寸）'),(622,6,'扇贝（干）',1105,55.6,2.4,'碟（3.8寸）'),(623,6,'鲜贝',322,15.7,0.5,'盘（6寸浅盘）'),(624,6,'银蚶',297,12.2,1.4,'碟（3.8寸）'),(625,6,'贻贝（鲜）',335,11.4,1.7,'碟（3.8寸）'),(626,6,'贻贝（干）',1485,47.8,9.3,'碟（3.8寸）'),(627,6,'海蚌',174,9.5,0.3,'盘（6寸浅盘）'),(628,6,'蛤蜊',259,10.1,1.1,'碟（3.8寸）'),(629,6,'花蛤蜊',188,7.7,0.6,'盘（6寸浅盘）'),(630,6,'毛蛤蜊',406,15,1,'碟（3.8寸）'),(631,6,'秋蛤蜊',372,15.6,0.7,'碟（3.8寸）'),(632,6,'沙蛤蜊',234,8.9,1.9,'盘（6寸浅盘）'),(633,6,'螺',418,15.7,1.2,'碟（3.8寸）'),(634,6,'红螺',498,20.2,0.9,'碟（3.8寸）'),(635,6,'黄螺',444,19.8,1,'碟（3.8寸）'),(636,6,'螺蛳',247,7.5,0.6,'碟（3.8寸）'),(637,6,'石螺',377,12.8,0.7,'碟（3.8寸）'),(638,6,'田螺',251,11,0.2,'碟（3.8寸）'),(639,6,'海参',326,16.5,0.2,'个'),(640,6,'海蜇皮',138,3.7,0.3,'盘（8寸深盘）'),(641,6,'海蜇头',310,6,0.3,'盘（8寸深盘）'),(642,6,'墨鱼',347,15.2,0.9,'盘（8寸深盘）'),(643,6,'乌贼',351,17.4,1.6,'盘（8寸深盘）'),(644,6,'鱿鱼',314,17,0.8,'盘（8寸深盘）'),(645,6,'章鱼',565,18.9,0.4,'盘（8寸深盘）'),(646,6,'墨鱼圈',300,13,2.2,'个'),(647,6,'墨鱼丸',535,13.4,4.7,'个'),(648,7,'牛乳',226,3,3.2,'杯'),(649,7,'牛奶',331,2.7,3,'杯'),(650,7,'鲜羊乳',247,1.5,3.5,'杯'),(651,7,'牛乳粉',2025,19.9,22.7,'勺'),(652,7,'全脂加糖奶粉',2050,22.5,23.4,'勺'),(653,7,'全脂牛奶粉',2000,20.1,21.2,'勺'),(654,7,'全脂奶粉',2109,24,28,'勺'),(655,7,'全脂甜奶粉',1992,19,21,'勺'),(656,7,'低脂奶粉',1729,27,11.7,'勺'),(657,7,'高钙高铁奶粉',1828,17,13,'勺'),(658,7,'全脂羊乳粉',2084,18.8,25.2,'勺'),(659,7,'酸奶',301,2.5,2.7,'杯'),(660,7,'契达干酪（普通）',1708,25.5,34.4,'勺'),(661,7,'契达干酪（脱脂）',1091,31.5,15,'勺'),(662,7,'全脂软酪',1239,8.6,31,'勺'),(663,7,'羊乳酪',1037,15.6,20.2,'勺'),(664,7,'羊乳酪',1037,15.6,20.2,'勺'),(665,7,'中脂软酪',743,9.2,14.5,'勺'),(666,7,'奶酪',1454,16.5,28.4,'勺'),(667,7,'低脂奶酪',1009,21.6,11.6,'勺'),(668,7,'硬质干酪',1702,24.9,34.5,'勺'),(669,7,'奶皮子',1925,12.2,42.9,'勺'),(670,7,'全脂甜炼乳',1588,7.5,10,'勺'),(671,7,'脱脂甜炼乳',1130,10.3,0.2,'勺'),(672,8,'鸡蛋',602,13.3,8.8,'个'),(673,8,'乌鸡蛋',712,12.6,10.6,'个'),(674,8,'荷包蛋',833,13.5,15,'个'),(675,8,'鸭蛋',753,12.6,13,'个'),(676,8,'海鸭蛋',1015,12.7,13.8,'个'),(677,8,'鹅蛋（煮)',761,12.7,13.6,'个'),(678,8,'鹌鹑蛋',669,12.8,11.1,'个'),(683,1,'挂面',1454,10.3,0.6,'碗(6寸)'),(684,1,'挂面',1454,10.3,0.6,'碗(6寸)'),(685,1,'面条',1195,8.3,0.7,'碗（6寸）'),(686,1,'通心面',1468,11.9,0.1,'碗(6寸)'),(687,1,'龙须面',1490,10.8,1.8,'碗（6寸）'),(688,1,'挂面',1454,10.3,0.6,'碗(6寸)'),(689,1,'面条',1195,8.3,0.7,'碗（6寸）'),(690,1,'通心面',1468,11.9,0.1,'碗(6寸)'),(691,1,'龙须面',1490,10.8,1.8,'碗（6寸）'),(692,1,'花卷',859,6.4,1,'个'),(693,2,'红烧肉',NULL,NULL,NULL,NULL),(694,1,'挂面',1454,10.3,0.6,'碗(6寸)'),(695,1,'面条',1195,8.3,0.7,'碗（6寸）'),(696,1,'通心面',1468,11.9,0.1,'碗(6寸)'),(697,1,'龙须面',1490,10.8,1.8,'碗（6寸）'),(698,1,'花卷',859,6.4,1,'个');

/*Table structure for table `t_intervention` */

DROP TABLE IF EXISTS `t_intervention`;

CREATE TABLE `t_intervention` (
  `id` int(11) NOT NULL AUTO_INCREMENT,
  `medicineOne` varchar(50) DEFAULT NULL,
  `medicineTwo` varchar(50) DEFAULT NULL,
  `sportOne` varchar(50) DEFAULT NULL,
  `sportTwo` varchar(50) DEFAULT NULL,
  `foodOne` varchar(50) DEFAULT NULL,
  `foodTwo` varchar(50) DEFAULT NULL,
  PRIMARY KEY (`id`)
) ENGINE=InnoDB AUTO_INCREMENT=11 DEFAULT CHARSET=utf8;

/*Data for the table `t_intervention` */

insert  into `t_intervention`(`id`,`medicineOne`,`medicineTwo`,`sportOne`,`sportTwo`,`foodOne`,`foodTwo`) values (2,'埃莫西','复合氨基酸','家务（收拾餐桌）','跳绳（快速）','牛大肠','风干肠'),(3,'心可宁','地奥心血康','手腕和手指的放松','蝶泳（快）','全脂甜奶粉','香菇(干）'),(4,'参莲胶囊','脑舒心','脚趾和脚底的拉伸','大腿后侧的拉伸','秋葵','鸡枞菌'),(5,'帕夫林','双氢氯噻嗪','使腰部变平坦的拉伸','俯卧静力手支撑换姿势','葫芦条（干）','羊肉串'),(6,'复合氨基酸','心可宁','侧身手支撑伸展、踢腿','肩膀前部和手臂的拉伸','香蕉','莴笋叶'),(7,'复合氨基酸','參氏颗粒','骨盆和髋部的拉伸','侧卧静力屈腿收腹','鸡肉松','发菜（干）'),(8,'帕夫林','地奥心血康','园艺','交际舞（慢）','苔菜（干）','低脂奶酪'),(9,'菌山颗粒','地奥心血康','直臂俯卧三点支撑','俯卧肘脚支撑伸手收腿','油炸豆花','毛笋'),(10,'帕夫林','温胃舒','脚踝的坐位拉伸','前臂内侧和手腕的拉伸','红玫瑰葡萄','鲜贝');

/*Table structure for table `t_medicine` */

DROP TABLE IF EXISTS `t_medicine`;

CREATE TABLE `t_medicine` (
  `id` int(11) NOT NULL,
  `name` varchar(50) DEFAULT NULL,
  PRIMARY KEY (`id`)
) ENGINE=InnoDB DEFAULT CHARSET=utf8;

/*Data for the table `t_medicine` */

insert  into `t_medicine`(`id`,`name`) values (1,'埃莫西'),(2,'地奥心血康'),(3,'温胃舒'),(4,'双氢氯噻嗪'),(5,'帕夫林'),(6,'脑舒心'),(7,'金贝'),(8,'参莲胶囊'),(9,'菌山颗粒'),(10,'复合氨基酸'),(11,'心可宁'),(12,'复方丹参片'),(13,'元胡止痛片'),(14,'參氏颗粒'),(15,'氟脲嘧啶'),(16,'CO-Alocii(辅酶凡)'),(17,'COPC(胞磷胆碱钠)'),(18,'TC(四环素)'),(19,'安体舒通(螺内酯)'),(20,'清芬(左旋布洛芬)');

/*Table structure for table `t_member` */

DROP TABLE IF EXISTS `t_member`;

CREATE TABLE `t_member` (
  `id` int(11) NOT NULL AUTO_INCREMENT,
  `fileNumber` varchar(32) DEFAULT NULL,
  `name` varchar(32) DEFAULT NULL,
  `sex` varchar(8) DEFAULT NULL,
  `idCard` varchar(18) DEFAULT NULL,
  `phoneNumber` varchar(11) DEFAULT NULL,
  `regTime` date DEFAULT NULL,
  `password` varchar(32) DEFAULT NULL,
  `email` varchar(32) DEFAULT NULL,
  `birthday` date DEFAULT NULL,
  `remark` varchar(128) DEFAULT NULL,
  PRIMARY KEY (`id`)
) ENGINE=InnoDB AUTO_INCREMENT=173 DEFAULT CHARSET=utf8;

/*Data for the table `t_member` */

insert  into `t_member`(`id`,`fileNumber`,`name`,`sex`,`idCard`,`phoneNumber`,`regTime`,`password`,`email`,`birthday`,`remark`) values (82,'201912029942','小明','1','123456789000999999','18511279942','2019-03-08',NULL,'222@qq.com','1990-11-06','test'),(83,'201912025678','王美丽','2','132333333333333','13412345678','2019-03-11',NULL,'77772222@qq.com','2010-06-01',NULL),(84,'201912029942','test','1',NULL,'18511279942','2019-03-13','',NULL,'2000-02-14',NULL),(92,'201912026521','333','1','234234145432121345','18019286521','2019-04-19',NULL,NULL,'1994-11-17',NULL),(94,'201912022204','胡基成','1','342224199411071392','15642586558','2019-11-21',NULL,NULL,'2006-07-13',NULL),(104,'201912028879','胡基成','1','340122199702191810','15256288879','2019-11-22',NULL,'707805620@qq.com','1951-06-19',NULL),(111,'201912022222','asdfaqwe','2',NULL,'13522222222','2019-11-23',NULL,NULL,'2008-10-09',NULL),(115,'201912039999','彭于晏','1',NULL,'15699999999','2019-11-24',NULL,NULL,'1990-11-06',NULL),(116,'1010','彭于晏','1',NULL,'11112222344','2019-11-24',NULL,NULL,'2010-07-09',NULL),(125,'1012','童文生','1',NULL,'15256288876','2019-11-30',NULL,NULL,NULL,NULL),(128,'1013','吴军','1',NULL,'15256359878','2019-11-30',NULL,NULL,NULL,NULL),(130,'201912028888','徐雅蓉','2',NULL,'15256288888','2019-11-30',NULL,NULL,NULL,NULL),(131,'201912026558','蒯鹏','1',NULL,'15642586558','2019-11-30',NULL,NULL,NULL,NULL),(132,'201912025621','小黄','1',NULL,'15698745621','2019-11-30',NULL,NULL,'2019-12-01',NULL),(133,'201912025677','李君杰','1',NULL,'13512345677','2019-11-30',NULL,NULL,NULL,NULL),(142,'201912011618','胡基基','1','123456789098765','18654191618','2019-12-01','123456','1987470411@qq.com','2019-12-01',NULL),(144,'201912021086','胡基基','1','123456789123456','17356211086','2019-12-01',NULL,NULL,'2019-12-02',NULL),(145,'201912028877','小杨','2',NULL,'15256288877','2019-12-02',NULL,NULL,NULL,NULL),(146,'201912028865','小王','2',NULL,'15256288865','2019-12-02',NULL,NULL,NULL,NULL),(147,'201912021088','小胡','2',NULL,'17356211088','2019-12-02',NULL,NULL,NULL,NULL),(148,'201912028856','小童','1',NULL,'15256288856','2019-12-02',NULL,NULL,NULL,NULL),(153,'201912028871','小君君','1',NULL,'15256288871','2019-12-02',NULL,NULL,NULL,NULL),(154,'201912028873','小君君','1',NULL,'15256288873','2019-12-02',NULL,NULL,NULL,NULL),(155,'201912028856','文生','1',NULL,'17656228856','2019-12-02',NULL,NULL,NULL,NULL),(156,'201912028852','基基','1',NULL,'15256288852','2019-12-02',NULL,NULL,NULL,NULL),(157,'201912021228','汪伟','1',NULL,'18155141228','2019-12-02',NULL,NULL,NULL,NULL),(158,'201912024462','小杰','1',NULL,'15256284462','2019-12-02',NULL,NULL,NULL,NULL),(159,'201912029202','测试','1',NULL,'18356459202','2019-12-02',NULL,NULL,'2019-07-01',NULL),(160,'201912027562','小汪','1',NULL,'15256287562','2019-12-02',NULL,NULL,NULL,NULL),(161,'201912028845','小吴','1',NULL,'15256288845','2019-12-02',NULL,NULL,NULL,NULL),(163,'201912024096','张三','1','123456789632145','17356524096','2019-12-02','123456','19825759@qq.com','2019-12-10',NULL),(164,'201912028691','徐志华','1','123456789123456','17856208691','2019-12-02','1234',NULL,'2019-12-01',NULL),(166,'201912030861','胡及后','2','123456789123456','17356210861','2019-12-02',NULL,NULL,'2019-12-01',NULL),(172,'201912035698','1232','1',NULL,'15232145698','2019-12-03',NULL,NULL,NULL,NULL);

/*Table structure for table `t_menu` */

DROP TABLE IF EXISTS `t_menu`;

CREATE TABLE `t_menu` (
  `id` int(11) NOT NULL AUTO_INCREMENT,
  `name` varchar(128) DEFAULT NULL,
  `linkUrl` varchar(128) DEFAULT NULL,
  `path` varchar(255) DEFAULT NULL,
  `priority` int(11) DEFAULT NULL,
  `icon` varchar(64) DEFAULT NULL,
  `description` varchar(128) DEFAULT NULL,
  `parentMenuId` int(11) DEFAULT NULL,
  `level` int(11) DEFAULT NULL,
  PRIMARY KEY (`id`),
  KEY `FK_Reference_13` (`parentMenuId`),
  CONSTRAINT `FK_Reference_13` FOREIGN KEY (`parentMenuId`) REFERENCES `t_menu` (`id`)
) ENGINE=InnoDB AUTO_INCREMENT=74 DEFAULT CHARSET=utf8;

/*Data for the table `t_menu` */

insert  into `t_menu`(`id`,`name`,`linkUrl`,`path`,`priority`,`icon`,`description`,`parentMenuId`,`level`) values (1,'会员管理',NULL,'/2',2,'fa-user-md',NULL,NULL,1),(2,'会员档案','member.html','/2-1',1,NULL,NULL,1,2),(3,'体检上传','health_report.html','/2-2',2,NULL,NULL,1,2),(4,'会员统计','report_member_age.html','/2-3',3,NULL,NULL,1,2),(5,'预约管理',NULL,'/3',3,'fa-tty',NULL,NULL,1),(6,'预约列表','ordersettinglist.html','/3-1',1,NULL,NULL,5,2),(7,'预约设置','ordersetting.html','/3-2',2,NULL,NULL,5,2),(8,'套餐管理','setmeal.html','/3-3',3,NULL,NULL,5,2),(9,'检查组管理','checkgroup.html','/3-4',4,NULL,NULL,5,2),(10,'检查项管理','checkitem.html','/3-5',5,NULL,NULL,5,2),(11,'健康评估',NULL,'/4',4,'fa-stethoscope',NULL,NULL,1),(12,'中医体质辨识',NULL,'/4-1',1,NULL,NULL,11,2),(13,'统计分析',NULL,'/6',6,'fa-heartbeat',NULL,NULL,1),(14,'会员数量','report_member.html','/6-1',1,NULL,NULL,13,2),(15,'系统设置',NULL,'/9',9,'fa-users',NULL,NULL,1),(16,'菜单管理','menu.html','/9-4',4,NULL,NULL,15,2),(17,'权限管理','permission.html','/9-3',3,NULL,NULL,15,2),(18,'角色管理','role.html','/9-2',2,NULL,NULL,15,2),(19,'用户管理','user.html','/9-1',1,NULL,NULL,15,2),(20,'套餐占比','report_setmeal.html','/6-2',2,NULL,NULL,13,2),(21,'运营数据','report_business.html','/6-5',5,NULL,NULL,13,2),(25,'收入分析','report_income.html','/6-3',3,NULL,NULL,13,2),(26,'预约到诊统计','report_reservations.html','/6-4',4,NULL,NULL,13,2),(54,'机构地址',NULL,'/8',8,'fa-paper-plane-o',NULL,NULL,1),(55,'机构地址管理','address.html','/8-1',1,NULL,NULL,54,2),(56,'工作空间','workspace.html','/1',1,'fa-dashboard',NULL,NULL,1),(57,'知识库管理',NULL,'/7',7,'fa-medkit','知识库相关',NULL,1),(58,'病因知识库','','/7-3',3,NULL,NULL,57,2),(60,'运动知识库',' /pages/sport.html','/7-2',2,NULL,NULL,57,2),(65,'问卷管理','','/5',5,'fa-bullhorn','中医问答题库',NULL,1),(66,'题目管理','question.html','/5-3',3,NULL,NULL,65,2),(67,'题库管理','questionLibrary.html','/5-2',2,NULL,'分类题库管理',65,2),(68,'体质结果','questionResult','/5-1',1,NULL,'问题答案管理',65,2),(73,'饮食库管理','/pages/food.html','/7-1',1,NULL,NULL,57,2);

/*Table structure for table `t_order` */

DROP TABLE IF EXISTS `t_order`;

CREATE TABLE `t_order` (
  `id` int(11) NOT NULL AUTO_INCREMENT,
  `member_id` int(11) DEFAULT NULL COMMENT '员会id',
  `orderDate` date DEFAULT NULL COMMENT '约预日期',
  `orderType` varchar(8) DEFAULT NULL COMMENT '约预类型 电话预约/微信预约',
  `orderStatus` varchar(8) DEFAULT NULL COMMENT '预约状态（是否到诊）',
  `setmeal_id` int(11) DEFAULT NULL COMMENT '餐套id',
  `attention` varchar(255) DEFAULT NULL COMMENT '备注',
  `address_id` int(11) DEFAULT NULL,
  `patientsName` varchar(30) DEFAULT NULL COMMENT '实际体检人姓名',
  `age` int(11) DEFAULT NULL,
  `idCard` varchar(255) DEFAULT NULL,
  `sex` varchar(10) DEFAULT NULL,
  `intervention_id` int(11) DEFAULT NULL,
  PRIMARY KEY (`id`),
  KEY `key_member_id` (`member_id`),
  KEY `key_setmeal_id` (`setmeal_id`),
  KEY `address_id` (`address_id`),
  KEY `intervention_id` (`intervention_id`),
  CONSTRAINT `key_member_id` FOREIGN KEY (`member_id`) REFERENCES `t_member` (`id`),
  CONSTRAINT `key_setmeal_id` FOREIGN KEY (`setmeal_id`) REFERENCES `t_setmeal` (`id`),
  CONSTRAINT `t_order_ibfk_1` FOREIGN KEY (`address_id`) REFERENCES `t_address` (`id`),
  CONSTRAINT `t_order_ibfk_2` FOREIGN KEY (`intervention_id`) REFERENCES `t_intervention` (`id`)
) ENGINE=InnoDB AUTO_INCREMENT=106 DEFAULT CHARSET=utf8;

/*Data for the table `t_order` */

insert  into `t_order`(`id`,`member_id`,`orderDate`,`orderType`,`orderStatus`,`setmeal_id`,`attention`,`address_id`,`patientsName`,`age`,`idCard`,`sex`,`intervention_id`) values (45,83,'2019-12-18','电话预约','未到诊',13,NULL,16,'晏阳',19,'123456789987654321','1',NULL),(51,131,'2019-11-30','微信预约','已到诊',13,NULL,20,'童文生',19,'369852147789654123','1',NULL),(53,104,'2019-12-03','电话预约','已到诊',12,NULL,16,'徐志华',20,'951357486236985214','1',NULL),(54,132,'2019-12-04','微信预约','未到诊',12,NULL,15,'大黄',18,'7531984620258987413','1',NULL),(56,94,'2019-11-25','微信预约','已到诊',14,NULL,NULL,'胡基成',18,'340122199702191810','1',NULL),(57,104,'2019-12-22','电话预约','未到诊',14,NULL,20,'晏阳',19,'123456789987654321','1',NULL),(61,142,'2019-12-16','电话预约','未到诊',13,NULL,17,'安妮',25,'340122199703271510','2',3),(63,142,'2019-12-02','微信预约','已到诊',15,NULL,20,'卢锡安',NULL,NULL,NULL,4),(68,147,'2019-12-11','电话预约','未到诊',15,NULL,18,'小胡',23,'340122199703271610','2',NULL),(71,154,'2019-12-02','电话预约','已到诊',15,NULL,16,'小君君',23,'340122199706041610','1',NULL),(73,156,'2019-12-03','微信预约','已到诊',15,NULL,15,'基基',23,'340122199703271810','1',NULL),(76,159,'2019-11-26','电话预约','已到诊',12,NULL,15,'测试',23,NULL,'1',NULL),(78,160,'2019-12-02','电话预约','已到诊',15,NULL,17,'小汪',23,'340122199703251512','1',NULL),(79,161,'2019-12-02','电话预约','已到诊',15,NULL,15,'小吴',26,'340122199403251510','1',NULL),(80,142,'2019-12-06','微信预约','未到诊',14,NULL,20,'小童',28,'123123123123123','1',7),(82,104,'2019-12-04','微信预约','未到诊',12,NULL,15,'小红',23,'340122199703271810','2',NULL),(88,104,'2019-12-03','电话预约','已到诊',15,NULL,15,'胡基成',23,'340122199702191810','1',NULL),(98,142,'2019-12-08','电话预约','未到诊',12,NULL,15,'小胡',23,'340122199705021810','1',10),(103,142,'2019-12-11','电话预约','未到诊',15,NULL,17,'小阳',25,'340122199702061510','1',NULL),(104,142,'2019-12-04','微信预约','未到诊',12,NULL,16,'小童',28,'123123123123123','1',NULL),(105,142,'2019-12-03','电话预约','已到诊',15,NULL,18,'胡基基',23,'341222222333333333','1',NULL);

/*Table structure for table `t_ordersetting` */

DROP TABLE IF EXISTS `t_ordersetting`;

CREATE TABLE `t_ordersetting` (
  `id` int(11) NOT NULL AUTO_INCREMENT,
  `orderDate` date DEFAULT NULL COMMENT '约预日期',
  `number` int(11) DEFAULT NULL COMMENT '可预约人数',
  `reservations` int(11) DEFAULT NULL COMMENT '已预约人数',
  PRIMARY KEY (`id`)
) ENGINE=InnoDB AUTO_INCREMENT=96 DEFAULT CHARSET=utf8;

/*Data for the table `t_ordersetting` */

insert  into `t_ordersetting`(`id`,`orderDate`,`number`,`reservations`) values (13,'2019-03-04',100,100),(14,'2019-03-05',200,0),(15,'2019-03-06',300,0),(16,'2019-03-07',200,0),(17,'2019-03-08',200,1),(18,'2019-03-09',200,0),(19,'2019-03-10',200,0),(20,'2019-03-11',200,3),(21,'2019-03-13',300,1),(22,'2019-03-14',600,0),(23,'2019-03-15',500,1),(24,'2019-03-16',500,0),(25,'2019-03-17',400,0),(26,'2019-03-19',300,1),(27,'2019-04-01',300,0),(28,'2019-04-02',300,0),(29,'2019-04-19',300,0),(30,'2019-03-20',200,1),(31,'2019-05-01',300,0),(32,'2019-03-28',200,1),(33,'2019-04-03',400,0),(34,'2019-09-30',800,0),(35,'2019-04-04',400,0),(36,'2019-04-05',300,0),(37,'2019-04-14',200,1),(38,'2019-04-13',200,0),(39,'2019-04-17',400,0),(40,'2019-04-18',1,1),(41,'2019-04-20',300,1),(42,'2019-04-21',300,1),(43,'2019-04-22',300,1),(44,'2019-04-23',300,0),(45,'2019-04-24',300,0),(46,'2019-04-25',400,0),(47,'2019-04-26',300,0),(48,'2019-04-27',300,0),(49,'2019-04-28',300,2),(50,'2019-04-29',300,0),(51,'2019-04-30',300,0),(52,'2019-05-02',300,0),(53,'2019-05-03',300,0),(54,'2019-05-04',300,0),(55,'2019-05-05',300,0),(56,'2019-05-06',300,0),(57,'2019-05-07',300,0),(58,'2019-05-08',300,0),(59,'2019-05-09',300,0),(60,'2019-05-10',300,0),(61,'2019-05-11',300,0),(69,'2019-11-20',80,0),(70,'2019-11-21',80,0),(71,'2019-11-22',80,5),(72,'2019-11-23',80,1),(73,'2019-11-24',80,4),(74,'2019-11-25',80,4),(75,'2019-11-26',80,2),(76,'2019-11-27',80,1),(77,'2019-11-28',80,0),(78,'2019-11-29',80,1),(79,'2019-11-30',80,1),(80,'2019-12-01',20,0),(81,'2019-12-02',82,8),(82,'2019-12-03',83,1),(83,'2019-12-04',84,8),(84,'2019-12-05',85,0),(85,'2019-12-06',86,2),(86,'2019-12-07',87,0),(87,'2019-12-08',88,1),(88,'2019-12-09',89,1),(89,'2019-12-10',90,0),(90,'2019-12-11',91,0),(91,'2019-12-12',90,0),(92,'2019-12-13',93,0),(93,'2019-12-14',94,0),(94,'2019-12-15',95,0),(95,'2019-12-16',89,0);

/*Table structure for table `t_permission` */

DROP TABLE IF EXISTS `t_permission`;

CREATE TABLE `t_permission` (
  `id` int(11) NOT NULL AUTO_INCREMENT,
  `name` varchar(32) DEFAULT NULL,
  `keyword` varchar(64) DEFAULT NULL,
  `description` varchar(128) DEFAULT NULL,
  PRIMARY KEY (`id`)
) ENGINE=InnoDB AUTO_INCREMENT=44 DEFAULT CHARSET=utf8;

/*Data for the table `t_permission` */

insert  into `t_permission`(`id`,`name`,`keyword`,`description`) values (1,'新增检查项','CHECKITEM_ADD',NULL),(2,'删除检查项','CHECKITEM_DELETE',NULL),(3,'编辑检查项','CHECKITEM_EDIT',NULL),(4,'查询检查项','CHECKITEM_QUERY',NULL),(5,'新增检查组','CHECKGROUP_ADD',NULL),(6,'删除检查组','CHECKGROUP_DELETE',NULL),(7,'编辑检查组','CHECKGROUP_EDIT',NULL),(8,'查询检查组','CHECKGROUP_QUERY',NULL),(9,'新增套餐','SETMEAL_ADD',NULL),(10,'删除套餐','SETMEAL_DELETE',NULL),(11,'编辑套餐','SETMEAL_EDIT',NULL),(12,'查询套餐','SETMEAL_QUERY',NULL),(13,'预约设置','ORDERSETTING',NULL),(14,'查看统计报表','REPORT_VIEW',NULL),(15,'新增菜单','MENU_ADD',NULL),(16,'删除菜单','MENU_DELETE',NULL),(17,'编辑菜单','MENU_EDIT',NULL),(18,'查询菜单','MENU_QUERY',NULL),(19,'新增角色','ROLE_ADD',NULL),(20,'删除角色','ROLE_DELETE',NULL),(21,'编辑角色','ROLE_EDIT',NULL),(22,'查询角色','ROLE_QUERY',NULL),(23,'新增用户','USER_ADD',NULL),(24,'删除用户','USER_DELETE',NULL),(25,'编辑用户','USER_EDIT',NULL),(26,'查询用户','USER_QUERY',NULL),(29,'查询机构地址','ADDRESS_QUERY',NULL),(30,'添加机构地址','ADDRESS_ADD',NULL),(31,'编辑机构地址','ADDRESS_EDIT',NULL),(32,'删除机构地址','ADDRESS_DELETE',NULL),(33,'运动表上传','SPORT_UPLOAD',NULL),(34,'运动表查询','SPORT_QUERY',NULL),(35,'运动表添加','SPORT_ADD',NULL),(36,'运动表删除','SPORT_DELETE',NULL),(37,'运动表修改','SPORT_UPDATE',NULL),(38,'食物表上传','FOOD_UPLOAD',NULL),(39,'食物表查询','FOOD_QUERY',NULL),(40,'食物表添加','FOOD_ADD',NULL),(41,'食物表删除','FOOD_DELETE',NULL),(42,'食物表修改','FOOD_UPDATE',NULL),(43,'啊啊啊','yyy',NULL);

/*Table structure for table `t_question_library` */

DROP TABLE IF EXISTS `t_question_library`;

CREATE TABLE `t_question_library` (
  `questions_id` int(11) NOT NULL,
  `library_id` int(11) NOT NULL,
  PRIMARY KEY (`questions_id`,`library_id`),
  KEY `library_id` (`library_id`)
) ENGINE=InnoDB DEFAULT CHARSET=utf8;

/*Data for the table `t_question_library` */

insert  into `t_question_library`(`questions_id`,`library_id`) values (1,12),(2,12),(3,12),(1,16),(3,16),(4,16),(5,16),(8,16),(9,16),(13,16),(1,17),(2,17),(3,17),(1,18),(2,18);

/*Table structure for table `t_questionlibrary` */

DROP TABLE IF EXISTS `t_questionlibrary`;

CREATE TABLE `t_questionlibrary` (
  `id` int(11) NOT NULL AUTO_INCREMENT,
  `name` varchar(255) DEFAULT NULL,
  `type` varchar(255) DEFAULT NULL,
  `peopleArea` varchar(255) DEFAULT NULL,
  `helpCode` varchar(255) DEFAULT NULL,
  `status` int(11) DEFAULT NULL,
  `togender` int(11) DEFAULT NULL,
  `desc` text,
  PRIMARY KEY (`id`)
) ENGINE=InnoDB AUTO_INCREMENT=19 DEFAULT CHARSET=utf8;

/*Data for the table `t_questionlibrary` */

insert  into `t_questionlibrary`(`id`,`name`,`type`,`peopleArea`,`helpCode`,`status`,`togender`,`desc`) values (16,'中医体质鉴别题库','体质','青年','ZYTZJB',NULL,1,'判别个人体质类型'),(18,'a','b','老年','1234',NULL,0,NULL);

/*Table structure for table `t_questions` */

DROP TABLE IF EXISTS `t_questions`;

CREATE TABLE `t_questions` (
  `id` int(11) NOT NULL AUTO_INCREMENT,
  `question` varchar(255) DEFAULT NULL,
  `type` varchar(255) DEFAULT NULL,
  `status` int(11) DEFAULT NULL,
  `togender` int(11) DEFAULT NULL,
  `rev` int(11) DEFAULT NULL,
  PRIMARY KEY (`id`)
) ENGINE=InnoDB AUTO_INCREMENT=68 DEFAULT CHARSET=utf8;

/*Data for the table `t_questions` */

insert  into `t_questions`(`id`,`question`,`type`,`status`,`togender`,`rev`) values (1,'您手脚发凉吗？','阳虚体质',1,0,0),(2,'您胃脘部、背部或腰膝部怕冷吗？','阳虚体质',1,0,0),(3,'3.您感到怕冷、衣服比别人穿得多吗？','阳虚体质',1,0,0),(4,'您比一般人受不了寒冷（冬天的寒冷，夏天的冷空调、电扇等）','阳虚体质',1,0,0),(5,'您比别人容易患感冒吗？','阳虚体质',1,0,0),(6,'您吃（喝）凉的东西会感到不舒服或者怕吃（喝）凉东西吗？','阳虚体质',1,0,0),(7,'你受凉或吃（喝）凉的东西后，容易腹泻（拉肚子）吗？','阳虚体质',1,0,0),(8,'您感到手脚心发热吗？','阴虚体质',1,0,0),(9,'您感觉身体、脸上发热吗？','阴虚体质',1,0,0),(10,'您皮肤或口唇干吗？','阴虚体质',1,0,0),(11,'您口唇的颜色比一般人红吗？','阴虚体质',1,0,0),(12,'您容易便秘或大便干燥吗？','阴虚体质',1,0,0),(13,'您面部两潮红或偏红吗？','阴虚体质',1,0,0),(14,'您感到眼睛干涩吗？','阴虚体质',1,0,0),(15,'您活动量稍大就容易出虚汗吗？','阴虚体质',1,0,0),(16,'你容易疲乏吗？','气虚体质',1,0,0),(17,'您容易气短（呼吸短促，接不上气吗？','气虚体质',1,0,0),(18,'您容易心慌吗？','气虚体质',1,0,0),(19,'您容易头晕或站起时晕眩吗？','气虚体质',1,0,0),(20,'您比别人容易患感冒吗？','气虚体质',1,0,0),(21,'您喜欢安静、懒得说话吗？','气虚体质',1,0,0),(22,'您说话声音无力吗？','气虚体质',1,0,0),(23,'您活动量大就容易出虚汗吗？','气虚体质',1,0,0),(24,'您感到胸闷或腹部胀满吗？','痰湿体质',1,0,0),(25,'您感到身体学生不轻松或不爽快吗？','痰湿体质',1,0,0),(26,'您腹部肥满松软吗？','痰湿体质',1,0,0),(27,'您有额部油脂分泌多的现象吗？','痰湿体质',1,0,0),(28,'您上眼睑比别人肿（仍轻微隆起的现象）吗？','痰湿体质',1,0,0),(29,'您嘴里有黏黏的感觉吗？','痰湿体质',1,0,0),(30,'您平时痰多，特别是咽喉部总感到有痰堵着吗？','痰湿体质',1,0,0),(31,'您舌苔厚腻或有舌苔厚厚的感觉吗？','痰湿体质',1,0,0),(32,'您面部或鼻部有油腻感或者油亮发光吗？','湿热体质',1,0,0),(33,'你容易生痤疮或疮疖吗？','湿热体质',1,0,0),(34,'您感到口苦或嘴里有异味吗？','湿热体质',1,0,0),(35,'您大使黏滞不爽、有解不尽的感觉吗？','湿热体质',1,0,0),(36,'您小便时尿道有发热感、尿色浓（深）吗？','湿热体质',1,0,0),(37,'您带下色黄（白带颜色发黄）吗？','湿热体质',1,2,0),(38,'您的阴囊部位潮湿吗？','湿热体质',1,2,0),(39,'您的皮肤在不知不觉中会出现青紫瘀斑（皮下出血）吗？','血瘀体质',1,0,0),(40,'您两颧部有细微红丝吗？','血瘀体质',1,0,0),(41,'您身体上有哪里疼痛吗？','血瘀体质',1,0,0),(42,'您面色晦黯或容易出现褐斑吗？','血瘀体质',1,0,0),(43,'您容易有黑眼圈吗？','血瘀体质',1,0,0),(44,'您容易忘事（健忘）吗？','血瘀体质',1,0,0),(45,'您口唇颜色偏黯吗？','血瘀体质',1,0,0),(46,'您没有感冒时也会打喷嚏吗？','特禀体质',1,0,0),(47,'您没有感冒时也会鼻塞、流鼻涕吗？','特禀体质',1,0,0),(48,'您有因季节变化、温度变化或异味等原因而咳喘的现象吗？','特禀体质',1,0,0),(49,'您容易过敏（对药物、食物、气味、花粉或在季节交替、气候变化时）吗？','特禀体质',1,0,0),(50,'您的皮肤容易起荨麻疹（风团、风疹块、风疙瘩）吗？','特禀体质',1,0,0),(51,'您的因过敏出现过紫癜（紫红色瘀点、瘀斑）吗？','特禀体质',1,0,0),(52,'您的皮肤一抓就红，并出现抓痕吗？','特禀体质',1,0,0),(53,'您感到闷闷不乐吗？','气郁型',1,0,0),(54,'您容易精神紧张、焦虑不安吗？','气郁型',1,0,0),(55,'您多愁善感、感情脆弱吗？','气郁型',1,0,0),(56,'您容易感到害怕或受到惊吓吗？','气郁型',1,0,0),(57,'您胁肋部或乳房腹痛吗？','气郁型',1,2,0),(58,'您无缘无故叹气吗？','气郁型',1,0,0),(59,'您咽喉部有异物感，且吐之不出、咽之不下吗？','气郁型',1,0,0),(60,'您精力充沛吗？','平和质',1,0,1),(61,'您容易疲乏吗？','平和质',1,0,1),(62,'您说话声音无力吗？','平和质',1,0,1),(63,'您感到闷闷不乐吗？','平和质',1,0,1),(64,'您比一般人耐受不了寒冷（冬天的寒冷，夏天的冷空调、电扇）吗？','平和质',1,0,1),(65,'您能适应外界自然和社会环境的变化吗？','平和质',1,0,1),(66,'您容易失眠吗？','平和质',1,0,1),(67,'您容易忘事（健忘）吗？','平和质',1,0,1);

/*Table structure for table `t_questions_copy1` */

DROP TABLE IF EXISTS `t_questions_copy1`;

CREATE TABLE `t_questions_copy1` (
  `id` int(11) NOT NULL AUTO_INCREMENT,
  `question` varchar(255) DEFAULT NULL,
  `type` varchar(255) DEFAULT NULL,
  `status` int(11) DEFAULT NULL,
  `togender` int(11) DEFAULT NULL,
  `rev` int(11) DEFAULT NULL,
  PRIMARY KEY (`id`)
) ENGINE=InnoDB AUTO_INCREMENT=68 DEFAULT CHARSET=utf8;

/*Data for the table `t_questions_copy1` */

insert  into `t_questions_copy1`(`id`,`question`,`type`,`status`,`togender`,`rev`) values (1,'您手脚发凉吗？','阳虚体质',1,0,0),(2,'您胃脘部、背部或腰膝部怕冷吗？','阳虚体质',1,0,0),(3,'3.您感到怕冷、衣服比别人穿得多吗？','阳虚体质',1,0,0),(4,'您比一般人受不了寒冷（冬天的寒冷，夏天的冷空调、电扇等）','阳虚体质',1,0,0),(5,'您比别人容易患感冒吗？','阳虚体质',1,0,0),(6,'您吃（喝）凉的东西会感到不舒服或者怕吃（喝）凉东西吗？','阳虚体质',1,0,0),(7,'你受凉或吃（喝）凉的东西后，容易腹泻（拉肚子）吗？','阳虚体质',1,0,0),(8,'您感到手脚心发热吗？','阴虚体质',1,0,0),(9,'您感觉身体、脸上发热吗？','阴虚体质',1,0,0),(10,'您皮肤或口唇干吗？','阴虚体质',1,0,0),(11,'您口唇的颜色比一般人红吗？','阴虚体质',1,0,0),(12,'您容易便秘或大便干燥吗？','阴虚体质',1,0,0),(13,'您面部两潮红或偏红吗？','阴虚体质',1,0,0),(14,'您感到眼睛干涩吗？','阴虚体质',1,0,0),(15,'您活动量稍大就容易出虚汗吗？','阴虚体质',1,0,0),(16,'你容易疲乏吗？','气虚体质',1,0,0),(17,'您容易气短（呼吸短促，接不上气吗？','气虚体质',1,0,0),(18,'您容易心慌吗？','气虚体质',1,0,0),(19,'您容易头晕或站起时晕眩吗？','气虚体质',1,0,0),(20,'您比别人容易患感冒吗？','气虚体质',1,0,0),(21,'您喜欢安静、懒得说话吗？','气虚体质',1,0,0),(22,'您说话声音无力吗？','气虚体质',1,0,0),(23,'您活动量大就容易出虚汗吗？','气虚体质',1,0,0),(24,'您感到胸闷或腹部胀满吗？','痰湿体质',1,0,0),(25,'您感到身体学生不轻松或不爽快吗？','痰湿体质',1,0,0),(26,'您腹部肥满松软吗？','痰湿体质',1,0,0),(27,'您有额部油脂分泌多的现象吗？','痰湿体质',1,0,0),(28,'您上眼睑比别人肿（仍轻微隆起的现象）吗？','痰湿体质',1,0,0),(29,'您嘴里有黏黏的感觉吗？','痰湿体质',1,0,0),(30,'您平时痰多，特别是咽喉部总感到有痰堵着吗？','痰湿体质',1,0,0),(31,'您舌苔厚腻或有舌苔厚厚的感觉吗？','痰湿体质',1,0,0),(32,'您面部或鼻部有油腻感或者油亮发光吗？','湿热体质',1,0,0),(33,'你容易生痤疮或疮疖吗？','湿热体质',1,0,0),(34,'您感到口苦或嘴里有异味吗？','湿热体质',1,0,0),(35,'您大使黏滞不爽、有解不尽的感觉吗？','湿热体质',1,0,0),(36,'您小便时尿道有发热感、尿色浓（深）吗？','湿热体质',1,0,0),(37,'您带下色黄（白带颜色发黄）吗？','湿热体质',1,2,0),(38,'您的阴囊部位潮湿吗？','湿热体质',1,2,0),(39,'您的皮肤在不知不觉中会出现青紫瘀斑（皮下出血）吗？','血瘀体质',1,0,0),(40,'您两颧部有细微红丝吗？','血瘀体质',1,0,0),(41,'您身体上有哪里疼痛吗？','血瘀体质',1,0,0),(42,'您面色晦黯或容易出现褐斑吗？','血瘀体质',1,0,0),(43,'您容易有黑眼圈吗？','血瘀体质',1,0,0),(44,'您容易忘事（健忘）吗？','血瘀体质',1,0,0),(45,'您口唇颜色偏黯吗？','血瘀体质',1,0,0),(46,'您没有感冒时也会打喷嚏吗？','特禀体质',1,0,0),(47,'您没有感冒时也会鼻塞、流鼻涕吗？','特禀体质',1,0,0),(48,'您有因季节变化、温度变化或异味等原因而咳喘的现象吗？','特禀体质',1,0,0),(49,'您容易过敏（对药物、食物、气味、花粉或在季节交替、气候变化时）吗？','特禀体质',1,0,0),(50,'您的皮肤容易起荨麻疹（风团、风疹块、风疙瘩）吗？','特禀体质',1,0,0),(51,'您的因过敏出现过紫癜（紫红色瘀点、瘀斑）吗？','特禀体质',1,0,0),(52,'您的皮肤一抓就红，并出现抓痕吗？','特禀体质',1,0,0),(53,'您感到闷闷不乐吗？','气郁型',1,0,0),(54,'您容易精神紧张、焦虑不安吗？','气郁型',1,0,0),(55,'您多愁善感、感情脆弱吗？','气郁型',1,0,0),(56,'您容易感到害怕或受到惊吓吗？','气郁型',1,0,0),(57,'您胁肋部或乳房腹痛吗？','气郁型',1,2,0),(58,'您无缘无故叹气吗？','气郁型',1,0,0),(59,'您咽喉部有异物感，且吐之不出、咽之不下吗？','气郁型',1,0,0),(60,'您精力充沛吗？','平和质',1,0,1),(61,'您容易疲乏吗？','平和质',1,0,1),(62,'您说话声音无力吗？','平和质',1,0,1),(63,'您感到闷闷不乐吗？','平和质',1,0,1),(64,'您比一般人耐受不了寒冷（冬天的寒冷，夏天的冷空调、电扇）吗？','平和质',1,0,1),(65,'您能适应外界自然和社会环境的变化吗？','平和质',1,0,1),(66,'您容易失眠吗？','平和质',1,0,1),(67,'您容易忘事（健忘）吗？','平和质',1,0,1);

/*Table structure for table `t_report` */

DROP TABLE IF EXISTS `t_report`;

CREATE TABLE `t_report` (
  `id` int(11) NOT NULL AUTO_INCREMENT,
  `name` varchar(32) DEFAULT NULL,
  `sex` varchar(32) DEFAULT NULL,
  `age` int(10) DEFAULT NULL,
  `idCard` varchar(255) DEFAULT NULL,
  `phoneNumber` varchar(255) DEFAULT NULL,
  `setMealName` varchar(255) DEFAULT NULL,
  `checkDate` varchar(255) DEFAULT NULL,
  `doctorName` varchar(255) DEFAULT NULL,
  `order_id` int(10) DEFAULT NULL,
  PRIMARY KEY (`id`),
  KEY `order_id` (`order_id`)
) ENGINE=InnoDB AUTO_INCREMENT=21 DEFAULT CHARSET=utf8;

/*Data for the table `t_report` */

insert  into `t_report`(`id`,`name`,`sex`,`age`,`idCard`,`phoneNumber`,`setMealName`,`checkDate`,`doctorName`,`order_id`) values (16,'小吴','男',26,'340122199403251510','15256288845','珍爱高端升级肿瘤12项筛查（男女单人）','2019-12-02','胡基基',79),(18,'胡基成','男',23,'340122199702191810','15256288879','珍爱高端升级肿瘤12项筛查（男女单人）','2019-12-03','胡基基',88),(20,'胡基基','男',23,'340122199702191810','18654191618','珍爱高端升级肿瘤12项筛查（男女单人）','2019-12-03','胡基成',105);

/*Table structure for table `t_report_item` */

DROP TABLE IF EXISTS `t_report_item`;

CREATE TABLE `t_report_item` (
  `id` int(11) NOT NULL AUTO_INCREMENT,
  `checkItemName` varchar(255) DEFAULT NULL,
  `attention` varchar(255) DEFAULT NULL,
  `report_id` int(11) DEFAULT NULL,
  `result` varchar(255) DEFAULT NULL,
  PRIMARY KEY (`id`)
) ENGINE=InnoDB AUTO_INCREMENT=184 DEFAULT CHARSET=utf8;

/*Data for the table `t_report_item` */

insert  into `t_report_item`(`id`,`checkItemName`,`attention`,`report_id`,`result`) values (134,'尿素','正常',16,'3.0'),(135,'肌酐','正常',16,'65.0'),(136,'尿酸','正常',16,'300.0'),(137,'总胆固醇','正常',16,'4.0'),(138,'甘油三酯','正常',16,'正常'),(139,'高密度脂蛋白胆固醇','正常',16,'1.3'),(140,'低密度脂蛋白胆固醇','正常',16,'120.0'),(141,'三碘甲状腺原氨酸','正常',16,'4.5'),(142,'甲状腺素','正常',16,'3.0'),(143,'促甲状腺激素','正常',16,'正常'),(154,'尿素','继续保持',18,'3.0'),(155,'肌酐','继续保持',18,'80.0'),(156,'尿酸','继续保持',18,'270.0'),(157,'总胆固醇','继续保持',18,'4.0'),(158,'甘油三酯','继续保持',18,'正常'),(159,'高密度脂蛋白胆固醇','继续保持',18,'1.3'),(160,'低密度脂蛋白胆固醇','继续保持',18,'120.0'),(161,'三碘甲状腺原氨酸','继续保持',18,'4.0'),(162,'甲状腺素','继续保持',18,'3.0'),(163,'促甲状腺激素','继续保持',18,'正常'),(164,'尿素','没救了',19,'12.0'),(165,'肌酐','没救了',19,'12.0'),(166,'尿酸','没救了',19,'13.0'),(167,'总胆固醇','没救了',19,'14.0'),(168,'甘油三酯','没救了',19,'15.0'),(169,'高密度脂蛋白胆固醇','没救了',19,'16.0'),(170,'低密度脂蛋白胆固醇','没救了',19,'17.0'),(171,'三碘甲状腺原氨酸','没救了',19,'18.0'),(172,'甲状腺素','没救了',19,'19.0'),(173,'促甲状腺激素','没救了',19,'20.0'),(174,'尿素','继续保持',20,'5.0'),(175,'肌酐','继续保持',20,'90.0'),(176,'尿酸','继续保持',20,'300.0'),(177,'总胆固醇','继续保持',20,'4.0'),(178,'甘油三酯','继续保持',20,'正常'),(179,'高密度脂蛋白胆固醇','继续保持',20,'1.3'),(180,'低密度脂蛋白胆固醇','继续保持',20,'120.0'),(181,'三碘甲状腺原氨酸','继续保持',20,'5.0'),(182,'甲状腺素','继续保持',20,'3.0'),(183,'促甲状腺激素','继续保持',20,'正常');

/*Table structure for table `t_reportstatus` */

DROP TABLE IF EXISTS `t_reportstatus`;

CREATE TABLE `t_reportstatus` (
  `reportStatus` varchar(255) DEFAULT NULL,
  `order_id` int(11) DEFAULT NULL,
  `reportExist` varchar(255) DEFAULT NULL,
  KEY `order_id` (`order_id`),
  CONSTRAINT `t_reportstatus_ibfk_1` FOREIGN KEY (`order_id`) REFERENCES `t_order` (`id`)
) ENGINE=InnoDB DEFAULT CHARSET=utf8;

/*Data for the table `t_reportstatus` */

insert  into `t_reportstatus`(`reportStatus`,`order_id`,`reportExist`) values ('未提交',51,'未删除'),('未提交',68,'未删除'),('已提交',61,'已删除'),('已提交',45,'已删除'),('未提交',57,'未删除'),('已提交',71,'已删除'),('已提交',78,'未删除'),('已提交',79,'未删除'),('未提交',73,'未删除'),('未提交',45,'未删除'),('未提交',53,'未删除'),('已提交',88,'未删除'),('已提交',105,'未删除');

/*Table structure for table `t_result` */

DROP TABLE IF EXISTS `t_result`;

CREATE TABLE `t_result` (
  `id` int(11) NOT NULL AUTO_INCREMENT,
  `title` varchar(255) DEFAULT NULL,
  `desc` text,
  PRIMARY KEY (`id`)
) ENGINE=InnoDB AUTO_INCREMENT=10 DEFAULT CHARSET=utf8;

/*Data for the table `t_result` */

insert  into `t_result`(`id`,`title`,`desc`) values (1,'阳虚体质','阳虚体质是当人体脏腑功能失调时易出现体内阳气不足、阳虚生里寒的表现，常表现为面色苍白，气息微弱，体倦嗜卧，畏寒肢冷，全身无力或有肢体浮肿，舌淡胖嫩边有齿痕，苔淡白，脉沉微无力，多因先天禀赋不足、加之寒邪外侵或过食寒凉之品、忧思过极、房事不节、久病之后而发病。发病倾向：易患痰饮、肿胀、泄泻等病，耐夏不耐冬，易感风、寒、湿邪。应以益气温阳散寒为治则，还应针对脏腑辨证，分别温补心、脾、肾之阳气。用温补阳气药时加少量补阴之品。平素注意调护改善阳虚体质，防止发病。'),(2,'气虚体质','气虚体质是指当人体脏腑功能失调，气的化生不足时，易出现气虚表现，常表现为语声低微，形体消瘦或偏胖，面色苍白，气短懒言，精神不振，体倦乏力，常自汗出，动则尤甚，舌淡红，舌边有齿痕，苔白，脉虚弱，因各种病因而发病，因心肺脾肾气虚部位不同而并见不同的症状，发病倾向：易患感冒、气虚眩晕、内脏下垂，平素抵抗力弱，妇女分娩后易患产后虚羸、产后目病等，病后康复缓慢。治疗以补气养气为总治则，还应针对脏腑辨证，分别选用补脏腑之气方药。根据气血同源理论，适当加用补血药。'),(3,'气郁体质','气郁体质是由于长期情志不畅、气机郁滞而形成的以性格内向不稳定、忧郁脆弱、敏感多疑为主要表现的体质状态。处于这种体质状态者，多见于中青年，以女性多见，性格多孤僻内向，易多愁善感，气量较狭小。气郁体质者的发病以肝为主，兼及心、胃、大肠、小肠。易伤情志及饮食，易产生气机不畅，如郁病、失眠、梅核气、惊恐等，现代研究此类体质易生肿瘤。调理治疗宜调畅情志，疏通气机。'),(4,'平和体质','平和体质是最稳定的、最健康的体质！一般产生的原因是先天禀赋良好，后天调养得当。平和体质以体态适中、面色红润、精力充沛、脏腑功能状态强健壮实为主要特征的一种中医体质养生状态。平和质所占人群比例，约为32.75%，也就是三分之一左右。男性多于女性，年龄越大，平和体质的人越少。'),(5,'湿热体质','所谓湿，即通常所说的水湿，它有外湿和内湿的区分。外湿是由于气候潮湿或涉水淋雨或居室潮湿，使外来水湿入侵人体而引起；内湿是一种病理产物，常与消化功能有关。中医认为脾有“运化水湿”的功能，若体虚消化不良或暴饮暴食，吃过多油腻、甜食，脾不能正常运化而使“水湿内停”；且脾虚的人也易招来外湿的入侵，外湿也常困阻脾胃使湿从内生，所以两者是既独立又关联的。\r\n所谓热，则是一种热象。而湿热中的热是与湿同时存在的，或因夏秋季节天热湿重，湿与热合并入侵人体，或因湿久留不除而化热，或因“阳热体质”而使湿“从阳化热”，因此，湿与热同时存在很常见。'),(6,'特禀体质','特禀体质又称特禀型生理缺陷、过敏。是指由于遗传因素和先天因素所造成的特殊状态的体质，主要包括过敏体质、遗传病体质、胎传体质等。特禀体质的人会出现打喷嚏、流清涕等症状，是因为卫气虚损不能抵御外邪所致。中医认为，“肾为先天之本”“脾为后天之本”，特禀质养生以健脾、补肾气为主，以增强卫外功能。'),(7,'痰湿体质','痰湿体质是指当人体脏腑功能失调，易引起气血津液运化失调，水湿停聚，聚湿成痰而成痰湿内蕴表现，常表现为体形肥胖，腹部肥满，胸闷，痰多，容易困倦，身重不爽，喜食肥甘醇酒，舌体胖大，舌苔白腻，多因寒湿侵袭、饮食不节，先天禀赋、年老久病、缺乏运动而发病，常随痰湿留滞部位不同而出现不同的症状，发病倾向：易患消渴、中风、胸痹等，对梅雨及湿重环境适应力差。应以燥湿化痰为治疗大法，平素注意调护改善痰湿体质防止痰湿病证发生。'),(8,'血瘀体质','血瘀体质是指当人体脏腑功能失调时，易出现体内血液运行不畅或内出血不能消散而成瘀血内阻的体质，常表现面色晦黯，皮肤粗糙呈褐色，色素沉着，或有紫斑，口唇黯淡，舌质青紫或有瘀点，脉细涩。多因七情不畅，寒冷侵袭，年老体虚、久病未愈等病因而发病，常随瘀血阻滞脏腑经络部位不同而出现不同的症状，发病倾向：易患症瘕、痛症及血证。应以活血化瘀为总治则，平素注意调护改善血瘀体质防止疾病发生。'),(9,'阴虚体质','阴虚体质是指当脏腑功能失调时，易出现体内阴液不足，阴虚生内热的证候，常表现为形体消瘦，两颧潮红，手足心热，潮热盗汗，心烦易怒，口干，头发、皮肤干枯，舌干红、少苔，甚至光滑无苔，多因燥热之邪外侵、过食温燥之品、忧思过度、房事不节、久病之后而发病。发病倾向：易患虚劳、失精、不寐等，耐冬不耐夏，不耐受暑、热、燥邪。应以滋补阴液、佐以清热为治则，还应针对相关脏腑阴虚辨证，分别选用滋养五脏之阴液、佐以清五脏之虚热的方药，根据阴阳互根理论，加少量补阳之品。');

/*Table structure for table `t_role` */

DROP TABLE IF EXISTS `t_role`;

CREATE TABLE `t_role` (
  `id` int(11) NOT NULL AUTO_INCREMENT,
  `name` varchar(32) DEFAULT NULL,
  `keyword` varchar(64) DEFAULT NULL,
  `description` varchar(128) DEFAULT NULL,
  PRIMARY KEY (`id`)
) ENGINE=InnoDB AUTO_INCREMENT=10 DEFAULT CHARSET=utf8;

/*Data for the table `t_role` */

insert  into `t_role`(`id`,`name`,`keyword`,`description`) values (1,'系统管理员','ROLE_ADMIN','系统管理员'),(2,'健康管理师','ROLE_HEALTH_MANAGER','1232'),(8,'健康按摩师','role_anmo',NULL),(9,'心灵咨询师','role_zixun','asd');

/*Table structure for table `t_role_menu` */

DROP TABLE IF EXISTS `t_role_menu`;

CREATE TABLE `t_role_menu` (
  `role_id` int(11) NOT NULL,
  `menu_id` int(11) NOT NULL,
  PRIMARY KEY (`role_id`,`menu_id`),
  KEY `FK_Reference_10` (`menu_id`),
  CONSTRAINT `FK_Reference_10` FOREIGN KEY (`menu_id`) REFERENCES `t_menu` (`id`),
  CONSTRAINT `FK_Reference_9` FOREIGN KEY (`role_id`) REFERENCES `t_role` (`id`)
) ENGINE=InnoDB DEFAULT CHARSET=utf8;

/*Data for the table `t_role_menu` */

insert  into `t_role_menu`(`role_id`,`menu_id`) values (1,1),(2,1),(9,1),(1,2),(2,2),(9,2),(1,3),(2,3),(9,3),(1,4),(2,4),(9,4),(1,5),(9,5),(1,6),(9,6),(1,7),(9,7),(1,8),(9,8),(1,9),(9,9),(1,10),(9,10),(9,11),(9,12),(1,13),(2,13),(9,13),(1,14),(2,14),(9,14),(1,15),(2,15),(1,16),(2,16),(1,17),(2,17),(1,18),(2,18),(1,19),(2,19),(1,20),(2,20),(9,20),(9,21),(2,25),(9,25),(2,26),(9,26),(1,54),(2,54),(1,55),(2,55),(1,56),(2,56),(8,56),(9,56),(1,57),(2,57),(1,60),(2,60),(1,65),(2,65),(1,66),(2,68),(1,73),(2,73);

/*Table structure for table `t_role_permission` */

DROP TABLE IF EXISTS `t_role_permission`;

CREATE TABLE `t_role_permission` (
  `role_id` int(11) NOT NULL,
  `permission_id` int(11) NOT NULL,
  PRIMARY KEY (`role_id`,`permission_id`),
  KEY `FK_Reference_12` (`permission_id`),
  CONSTRAINT `FK_Reference_11` FOREIGN KEY (`role_id`) REFERENCES `t_role` (`id`),
  CONSTRAINT `FK_Reference_12` FOREIGN KEY (`permission_id`) REFERENCES `t_permission` (`id`)
) ENGINE=InnoDB DEFAULT CHARSET=utf8;

/*Data for the table `t_role_permission` */

insert  into `t_role_permission`(`role_id`,`permission_id`) values (1,1),(2,1),(8,1),(9,1),(1,2),(2,2),(8,2),(9,2),(1,3),(2,3),(8,3),(9,3),(1,4),(2,4),(8,4),(9,4),(1,5),(2,5),(8,5),(1,6),(2,6),(8,6),(1,7),(2,7),(8,7),(1,8),(2,8),(1,9),(2,9),(1,10),(2,10),(1,11),(2,11),(1,12),(2,12),(1,13),(2,13),(1,14),(2,14),(1,15),(2,15),(1,16),(2,16),(1,17),(2,17),(1,18),(2,18),(1,19),(1,20),(1,21),(1,22),(1,23),(1,24),(1,25),(1,26),(1,29),(1,30),(1,31),(1,32),(1,33),(2,33),(1,34),(2,34),(1,35),(2,35),(1,36),(2,36),(1,37),(2,37),(1,38),(2,38),(1,39),(2,39),(1,40),(2,40),(1,41),(2,41),(1,42),(2,42);

/*Table structure for table `t_setmeal` */

DROP TABLE IF EXISTS `t_setmeal`;

CREATE TABLE `t_setmeal` (
  `id` int(11) NOT NULL AUTO_INCREMENT,
  `name` varchar(128) DEFAULT NULL,
  `code` varchar(8) DEFAULT NULL,
  `helpCode` varchar(16) DEFAULT NULL,
  `sex` char(1) DEFAULT NULL,
  `age` varchar(32) DEFAULT NULL,
  `price` float DEFAULT NULL,
  `remark` varchar(128) DEFAULT NULL,
  `attention` varchar(128) DEFAULT NULL,
  `img` varchar(128) DEFAULT NULL,
  PRIMARY KEY (`id`)
) ENGINE=InnoDB AUTO_INCREMENT=16 DEFAULT CHARSET=utf8;

/*Data for the table `t_setmeal` */

insert  into `t_setmeal`(`id`,`name`,`code`,`helpCode`,`sex`,`age`,`price`,`remark`,`attention`,`img`) values (12,'入职无忧体检套餐（男女通用）','0001','RZTJ','0','18-60',300,'入职体检套餐',NULL,'836d5ca7-7bd3-4f93-82a6-aeac0eac9e301.jpg'),(13,'粉红珍爱(女)升级TM12项筛查体检套餐','0002','FHZA','2','18-60',1200,'本套餐针对宫颈(TCT检查、HPV乳头瘤病毒筛查）、乳腺（彩超，癌抗125），甲状腺（彩超，甲功验血）以及胸片，血常规肝功等有全面检查，非常适合女性全面疾病筛查使用。',NULL,'906910d8-2f93-4cc8-a110-504ab4c8c1c44.jpg'),(14,'阳光爸妈升级肿瘤12项筛查（男女单人）体检套餐','0003','YGBM','0','55-100',1400,'本套餐主要针对常见肿瘤筛查，肝肾、颈动脉、脑血栓、颅内血流筛查，以及风湿、颈椎、骨密度检查',NULL,'c255799b-d196-4e42-b080-4e3e348f6a8a3.jpg'),(15,'珍爱高端升级肿瘤12项筛查（男女单人）','0004','ZAGD','0','14-20',2400,'本套餐是一款针对生化五项检查，心，肝，胆，胃，甲状腺，颈椎，肺功能，脑部检查（经颅多普勒）以及癌症筛查，适合大众人群体检的套餐',NULL,'45be858f-95f8-4a96-9d09-10958bc5eb1f9.jpg');

/*Table structure for table `t_setmeal_checkgroup` */

DROP TABLE IF EXISTS `t_setmeal_checkgroup`;

CREATE TABLE `t_setmeal_checkgroup` (
  `setmeal_id` int(11) NOT NULL DEFAULT '0',
  `checkgroup_id` int(11) NOT NULL DEFAULT '0',
  PRIMARY KEY (`setmeal_id`,`checkgroup_id`),
  KEY `checkgroup_key` (`checkgroup_id`),
  CONSTRAINT `checkgroup_key` FOREIGN KEY (`checkgroup_id`) REFERENCES `t_checkgroup` (`id`),
  CONSTRAINT `setmeal_key` FOREIGN KEY (`setmeal_id`) REFERENCES `t_setmeal` (`id`)
) ENGINE=InnoDB DEFAULT CHARSET=utf8;

/*Data for the table `t_setmeal_checkgroup` */

insert  into `t_setmeal_checkgroup`(`setmeal_id`,`checkgroup_id`) values (12,5),(12,6),(12,7),(12,8),(12,9),(12,10),(14,10),(15,10),(12,11),(14,11),(15,11),(14,12),(14,13),(15,13),(13,14),(13,15);

/*Table structure for table `t_sick` */

DROP TABLE IF EXISTS `t_sick`;

CREATE TABLE `t_sick` (
  `id` int(30) NOT NULL,
  `itemId` int(16) DEFAULT NULL,
  `name` varchar(50) DEFAULT NULL,
  `helpChar` varchar(50) DEFAULT NULL,
  `type` varchar(50) DEFAULT NULL,
  `unit` varchar(50) DEFAULT NULL,
  PRIMARY KEY (`id`)
) ENGINE=InnoDB DEFAULT CHARSET=utf8;

/*Data for the table `t_sick` */

/*Table structure for table `t_sport` */

DROP TABLE IF EXISTS `t_sport`;

CREATE TABLE `t_sport` (
  `id` int(16) NOT NULL AUTO_INCREMENT,
  `number` varchar(32) COLLATE utf8_danish_ci DEFAULT NULL,
  `name` varchar(255) COLLATE utf8_danish_ci DEFAULT NULL,
  `risk` int(16) DEFAULT NULL,
  `sportType` int(16) DEFAULT NULL,
  `time` varchar(255) COLLATE utf8_danish_ci DEFAULT NULL,
  `frequency` varchar(255) COLLATE utf8_danish_ci DEFAULT NULL,
  `type` int(10) DEFAULT NULL,
  `strength` int(10) DEFAULT NULL,
  `met` float DEFAULT NULL,
  `equivalent` float DEFAULT NULL,
  `equivalent_time` float DEFAULT NULL,
  `minAge` int(12) DEFAULT NULL,
  `maxAge` int(12) DEFAULT NULL,
  `position` varchar(255) COLLATE utf8_danish_ci DEFAULT NULL,
  `method` varchar(1000) COLLATE utf8_danish_ci DEFAULT NULL,
  `state` int(12) DEFAULT NULL,
  `calorie` float DEFAULT NULL,
  `energy` float DEFAULT NULL,
  PRIMARY KEY (`id`),
  UNIQUE KEY `number` (`number`)
) ENGINE=InnoDB AUTO_INCREMENT=622 DEFAULT CHARSET=utf8 COLLATE=utf8_danish_ci;

/*Data for the table `t_sport` */

insert  into `t_sport`(`id`,`number`,`name`,`risk`,`sportType`,`time`,`frequency`,`type`,`strength`,`met`,`equivalent`,`equivalent_time`,`minAge`,`maxAge`,`position`,`method`,`state`,`calorie`,`energy`) values (392,'YD1002','步行（中5km/h）',NULL,1,'30-60分钟/次','3-5次/周',NULL,NULL,NULL,NULL,NULL,NULL,NULL,'','',NULL,NULL,NULL),(393,'YD1003','步行（快5.5-6km/h）',NULL,1,'30-60分钟/次','3-5次/周',NULL,NULL,NULL,NULL,NULL,NULL,NULL,'','',NULL,NULL,NULL),(394,'YD1004','步行（很快7km/h）',NULL,1,'15-30分钟/次','3-5次/周',NULL,NULL,NULL,NULL,NULL,NULL,NULL,'','',NULL,NULL,NULL),(395,'YD1007',' 写作（坐位）',NULL,1,'30-60分钟/次','2-3次/周',NULL,NULL,NULL,NULL,NULL,NULL,NULL,'','',NULL,NULL,NULL),(396,'YD1008','书法/画画',NULL,1,'30-60分钟/次','2-3次/周',NULL,NULL,NULL,NULL,NULL,NULL,NULL,'','',NULL,NULL,NULL),(397,'YD1009','上下楼',NULL,1,'10-15分钟/次','3-5次/周',NULL,NULL,NULL,NULL,NULL,NULL,NULL,'','',NULL,NULL,NULL),(398,'YD1010','健身操（轻或中等强度）',NULL,1,'15-30分钟/次','3-5次/周',NULL,NULL,NULL,NULL,NULL,NULL,NULL,'','',NULL,NULL,NULL),(399,'YD1011','广播体操',NULL,1,'10-15分钟/次','3-5次/周',NULL,NULL,NULL,NULL,NULL,NULL,NULL,'','',NULL,NULL,NULL),(400,'YD1012','太极拳',NULL,1,'15-30分钟/次','3-5次/周',NULL,NULL,NULL,NULL,NULL,NULL,NULL,'','',NULL,NULL,NULL),(401,'YD1013','瑜伽',NULL,1,'60-90分钟/次','3-5次/周',NULL,NULL,NULL,NULL,NULL,NULL,NULL,'','',NULL,NULL,NULL),(402,'YD1015','慢跑',NULL,1,'15-30分钟/次','3-5次/周',NULL,NULL,NULL,NULL,NULL,NULL,NULL,'','',NULL,NULL,NULL),(403,'YD1016','原地跑（8km/h）',NULL,1,'15-30分钟/次','3-5次/周',NULL,NULL,NULL,NULL,NULL,NULL,NULL,'','',NULL,NULL,NULL),(404,'YD1017','跑步（9.6km/h）',NULL,1,'10-15分钟/次','3-5次/周',NULL,NULL,NULL,NULL,NULL,NULL,NULL,'','',NULL,NULL,NULL),(405,'YD1019','保龄球',NULL,1,'30-60分钟/次','3-5次/周',NULL,NULL,NULL,NULL,NULL,NULL,NULL,'','',NULL,NULL,NULL),(406,'YD1020','台球',NULL,1,'30-60分钟/次','3-5次/周',NULL,NULL,NULL,NULL,NULL,NULL,NULL,'','',NULL,NULL,NULL),(407,'YD1021','篮球(一般)',NULL,1,'30-60分钟/次','3-5次/周',NULL,NULL,NULL,NULL,NULL,NULL,NULL,'','',NULL,NULL,NULL),(408,'YD1022','篮球（比赛）',NULL,1,'30-60分钟/次','1-2次/周',NULL,NULL,NULL,NULL,NULL,NULL,NULL,'','',NULL,NULL,NULL),(409,'YD1023','排球（一般）',NULL,1,'30-60分钟/次','3-5次/周',NULL,NULL,NULL,NULL,NULL,NULL,NULL,'','',NULL,NULL,NULL),(410,'YD1024','排球（比赛）',NULL,1,'30-60分钟/次','1-2次/周',NULL,NULL,NULL,NULL,NULL,NULL,NULL,'','',NULL,NULL,NULL),(411,'YD1025','足球（一般）',NULL,1,'30-60分钟/次','3-5次/周',NULL,NULL,NULL,NULL,NULL,NULL,NULL,'','',NULL,NULL,NULL),(412,'YD1026','足球（比赛）',NULL,1,'30-60分钟/次','1-2次/周',NULL,NULL,NULL,NULL,NULL,NULL,NULL,'','',NULL,NULL,NULL),(413,'YD1027','乒乓球',NULL,1,'30-60分钟/次','3-5次/周',NULL,NULL,NULL,NULL,NULL,NULL,NULL,'','',NULL,NULL,NULL),(414,'YD1028','网球（一般）',NULL,1,'30-60分钟/次','3-5次/周',NULL,NULL,NULL,NULL,NULL,NULL,NULL,'','',NULL,NULL,NULL),(415,'YD1029','网球（双打）',NULL,1,'30-60分钟/次','1-2次/周',NULL,NULL,NULL,NULL,NULL,NULL,NULL,'','',NULL,NULL,NULL),(416,'YD1030','网球（单打）',NULL,1,'30-60分钟/次','1-2次/周',NULL,NULL,NULL,NULL,NULL,NULL,NULL,'','',NULL,NULL,NULL),(417,'YD1031','羽毛球（一般）',NULL,1,'30-60分钟/次','3-5次/周',NULL,NULL,NULL,NULL,NULL,NULL,NULL,'','',NULL,NULL,NULL),(418,'YD1032','羽毛球（比赛）',NULL,1,'30-60分钟/次','1-2次/周',NULL,NULL,NULL,NULL,NULL,NULL,NULL,'','',NULL,NULL,NULL),(419,'YD1033','跳绳（慢速）',NULL,1,'2-3分钟/次','3-5次/周',NULL,NULL,NULL,NULL,NULL,NULL,NULL,'','',NULL,NULL,NULL),(420,'YD1034','跳绳（中速）',NULL,1,'1-2分钟/次','3-5次/周',NULL,NULL,NULL,NULL,NULL,NULL,NULL,'','',NULL,NULL,NULL),(421,'YD1035','跳绳（快速）',NULL,1,'1分钟/次','3-5次/周',NULL,NULL,NULL,NULL,NULL,NULL,NULL,'','',NULL,NULL,NULL),(422,'YD1036','舞蹈（慢速）',NULL,1,'15-30分钟/次','3-5次/周',NULL,NULL,NULL,NULL,NULL,NULL,NULL,'','',NULL,NULL,NULL),(423,'YD1037','舞蹈（中速）',NULL,1,'15-30分钟/次','3-5次/周',NULL,NULL,NULL,NULL,NULL,NULL,NULL,'','',NULL,NULL,NULL),(424,'YD1038','舞蹈（快速）',NULL,1,'10-15分钟/次','3-5次/周',NULL,NULL,NULL,NULL,NULL,NULL,NULL,'','',NULL,NULL,NULL),(425,'YD1039','交际舞（慢）',NULL,1,'15-30分钟/次','3-5次/周',NULL,NULL,NULL,NULL,NULL,NULL,NULL,'','',NULL,NULL,NULL),(426,'YD1040','交际舞（快）',NULL,1,'10-15分钟/次','3-5次/周',NULL,NULL,NULL,NULL,NULL,NULL,NULL,'','',NULL,NULL,NULL),(427,'YD1041','有氧跳舞',NULL,1,'10-15分钟/次','3-5次/周',NULL,NULL,NULL,NULL,NULL,NULL,NULL,'','',NULL,NULL,NULL),(428,'YD1042','游泳（一般）',NULL,1,'15-30分钟/次','3-5次/周',NULL,NULL,NULL,NULL,NULL,NULL,NULL,'','',NULL,NULL,NULL),(429,'YD1043','自由泳（慢）',NULL,1,'15-30分钟/次','3-5次/周',NULL,NULL,NULL,NULL,NULL,NULL,NULL,'','',NULL,NULL,NULL),(430,'YD1044','蛙泳（一般）',NULL,1,'15-30分钟/次','3-5次/周',NULL,NULL,NULL,NULL,NULL,NULL,NULL,'','',NULL,NULL,NULL),(431,'YD1045','蝶泳（快）',NULL,1,'10-15分钟/次','3-5次/周',NULL,NULL,NULL,NULL,NULL,NULL,NULL,'','',NULL,NULL,NULL),(432,'YD1046','轮滑旱冰',NULL,1,'60-90分钟/次','3-5次/周',NULL,NULL,NULL,NULL,NULL,NULL,NULL,'','',NULL,NULL,NULL),(433,'YD1047','园艺',NULL,1,'60-90分钟/次','3-5次/周',NULL,NULL,NULL,NULL,NULL,NULL,NULL,'','',NULL,NULL,NULL),(434,'YD1048','自行车（12km/h-16km/h）',NULL,1,'60-90分钟/次','3-5次/周',NULL,NULL,NULL,NULL,NULL,NULL,NULL,'','',NULL,NULL,NULL),(435,'YD1049','自行车（16km/h-19km/h）',NULL,1,'30-60分钟/次','3-5次/周',NULL,NULL,NULL,NULL,NULL,NULL,NULL,'','',NULL,NULL,NULL),(436,'YD1050','爬山',NULL,1,'15-30分钟/次','2-3次/周',NULL,NULL,NULL,NULL,NULL,NULL,NULL,'','',NULL,NULL,NULL),(437,'YD1053','踏青',NULL,1,'4-6小时/天','1-2天/周',NULL,NULL,NULL,NULL,NULL,NULL,NULL,'','',NULL,NULL,NULL),(438,'YD1054','划船',NULL,1,'30-60分钟/次','3-5次/周',NULL,NULL,NULL,NULL,NULL,NULL,NULL,'','',NULL,NULL,NULL),(439,'YD1055','逛街',NULL,1,'60-90分钟/次','1-2次/周',NULL,NULL,NULL,NULL,NULL,NULL,NULL,'','',NULL,NULL,NULL),(440,'YD1056','钓鱼',NULL,1,'60-90分钟/次','3-5次/周',NULL,NULL,NULL,NULL,NULL,NULL,NULL,'','',NULL,NULL,NULL),(441,'YD1057','下棋',NULL,1,'30-60分钟/次','3-5次/周',NULL,NULL,NULL,NULL,NULL,NULL,NULL,'','',NULL,NULL,NULL),(442,'YD1058','遛狗',NULL,1,'30-60分钟/次','3-5次/周',NULL,NULL,NULL,NULL,NULL,NULL,NULL,'','',NULL,NULL,NULL),(443,'YD1059','郊游',NULL,1,'4-6小时/天','1-2次/周',NULL,NULL,NULL,NULL,NULL,NULL,NULL,'','',NULL,NULL,NULL),(444,'YD1060','插花',NULL,1,'60-90分钟/次','3-5次/周',NULL,NULL,NULL,NULL,NULL,NULL,NULL,'','',NULL,NULL,NULL),(445,'YD1061','家务（整理床，站立）',NULL,1,'10-15分钟/次','3-5次/周',NULL,NULL,NULL,NULL,NULL,NULL,NULL,'','',NULL,NULL,NULL),(446,'YD1062','家务（洗碗）',NULL,1,'5-10分钟/次','1-2次/天',NULL,NULL,NULL,NULL,NULL,NULL,NULL,'','',NULL,NULL,NULL),(447,'YD1063','家务（熨烫衣物）',NULL,1,'15-30分钟/次','2-3次/周',NULL,NULL,NULL,NULL,NULL,NULL,NULL,'','',NULL,NULL,NULL),(448,'YD1064','家务（收拾餐桌）',NULL,1,'10-15分钟/次','1-2次/天',NULL,NULL,NULL,NULL,NULL,NULL,NULL,'','',NULL,NULL,NULL),(449,'YD1065','家务（做饭）',NULL,1,'15-30分钟/次','1-2次/天',NULL,NULL,NULL,NULL,NULL,NULL,NULL,'','',NULL,NULL,NULL),(450,'YD1066','家务（擦窗户）',NULL,1,'15-30分钟/次','1-2次/周',NULL,NULL,NULL,NULL,NULL,NULL,NULL,'','',NULL,NULL,NULL),(451,'YD1067','家务（手洗衣服）',NULL,1,'15-30分钟/次','1-2次/周',NULL,NULL,NULL,NULL,NULL,NULL,NULL,'','',NULL,NULL,NULL),(452,'YD1068','家务（扫地）',NULL,1,'10-15分钟/次','3-5次/周',NULL,NULL,NULL,NULL,NULL,NULL,NULL,'','',NULL,NULL,NULL),(453,'YD1069','家务（扫院子）',NULL,1,'15-30分钟/次','1-2次/周',NULL,NULL,NULL,NULL,NULL,NULL,NULL,'','',NULL,NULL,NULL),(454,'YD1070','家务（拖地板）',NULL,1,'15-30分钟/次','1-2次/周',NULL,NULL,NULL,NULL,NULL,NULL,NULL,'','',NULL,NULL,NULL),(455,'YD1071','家务（吸尘）',NULL,1,'15-30分钟/次','1-2次/周',NULL,NULL,NULL,NULL,NULL,NULL,NULL,'','',NULL,NULL,NULL),(456,'YD2001','跪式直背支撑',NULL,2,'','',NULL,NULL,NULL,NULL,NULL,NULL,NULL,'','1.脚背着地，两膝跪地；2.上身前倾，两手撑地；3.抬头，挺直背部。',NULL,NULL,NULL),(457,'YD2002','仰卧两头起',NULL,2,'','',NULL,NULL,NULL,NULL,NULL,NULL,NULL,'','1.仰卧地面；2.两头缓慢起；3.上身与大腿保持90度左右夹角；4.还原。',NULL,NULL,NULL),(458,'YD2003','仰卧屈膝',NULL,2,'','',NULL,NULL,NULL,NULL,NULL,NULL,NULL,'','1.仰卧地面；2.两手在体侧保持平衡；3.两腿并拢，两膝弯曲；4.收膝举腿。',NULL,NULL,NULL),(459,'YD2004','仰卧抬腿',NULL,2,'','',NULL,NULL,NULL,NULL,NULL,NULL,NULL,'','1.仰卧，两臂在体侧保持平衡；2.下腹发力，两膝绷直，两腿上举；3.两腿上举到垂直地面；4.还原。',NULL,NULL,NULL),(460,'YD2005','仰卧肘支撑后交叉腿',NULL,2,'','',NULL,NULL,NULL,NULL,NULL,NULL,NULL,'','1.俯卧，肘关节支撑；2.左腿后交叉，脚尖触地；3.右腿后交叉，脚尖触地。',NULL,NULL,NULL),(461,'YD2006','交叉腿侧身斜起坐',NULL,2,'','',NULL,NULL,NULL,NULL,NULL,NULL,NULL,'','1.仰卧，两手抱头，右腿交叉于左腿上；2.两手抱头，仰卧右起；3.两手抱头，左腿交叉于右腿上；4.两手抱头，仰卧左起。',NULL,NULL,NULL),(462,'YD2007','团身两头起',NULL,2,'','',NULL,NULL,NULL,NULL,NULL,NULL,NULL,'','1.仰卧，两手抱头，；2.两膝弯曲收起的同事两手抱头起；3.缓慢还原。',NULL,NULL,NULL),(463,'YD2008','侧卧静力屈腿收腹',NULL,2,'','',NULL,NULL,NULL,NULL,NULL,NULL,NULL,'','1.仰卧地面；2.屈膝，两手抱头收腹。',NULL,NULL,NULL),(464,'YD2009','仰卧屈膝交叉腿抱头起',NULL,2,'','',NULL,NULL,NULL,NULL,NULL,NULL,NULL,'','1.仰卧地面；2.左腿屈膝，右腿交叉于左腿上，左手抱头、右手置于地面；3.左手抱头起；4.缓慢还原。',NULL,NULL,NULL),(465,'YD2010','仰卧屈膝伸腿抱头起',NULL,2,'','',NULL,NULL,NULL,NULL,NULL,NULL,NULL,'','1.仰卧地面；2.两手抱头，先两腿屈膝再伸直一条腿；3.两手抱头起；4.缓慢还原。',NULL,NULL,NULL),(466,'YD2011','仰卧交叉蹬腿',NULL,2,'','',NULL,NULL,NULL,NULL,NULL,NULL,NULL,'','1.仰卧地面，两手抱头；2.屈膝，两腿并拢；3.左腿往身体方向收腿，右腿蹬直；4.交替进行。',NULL,NULL,NULL),(467,'YD2012','仰卧交叉打腿',NULL,2,'','',NULL,NULL,NULL,NULL,NULL,NULL,NULL,'','1.仰卧地面，两手分开保持平衡；2.两腿伸直，左腿上举；3.右腿上举，并与左腿在空中上下交叉打腿。',NULL,NULL,NULL),(468,'YD2013','仰卧举腿',NULL,2,'','',NULL,NULL,NULL,NULL,NULL,NULL,NULL,'','1.仰卧地面；2.两手置于腹侧，两腿伸直上抬；3.两腿最大限度抬起；4.缓慢还原成第二步。',NULL,NULL,NULL),(469,'YD2014','俯卧三点静力支撑单手前平举',NULL,2,'','',NULL,NULL,NULL,NULL,NULL,NULL,NULL,'','1.俯卧，两肘撑地，脚尖撑地；2.左臂前平举；3.右臂前平举。',NULL,NULL,NULL),(470,'YD2015','仰卧起坐',NULL,2,'','',NULL,NULL,NULL,NULL,NULL,NULL,NULL,'','1.仰卧地面，两臂上伸、两腿屈膝；2.上体逐渐抬起；3.直至上体与地面垂直；4.缓慢还原。',NULL,NULL,NULL),(471,'YD2016','仰卧起扶膝静力坐',NULL,2,'','',NULL,NULL,NULL,NULL,NULL,NULL,NULL,'','1.仰卧地面，两腿屈膝；2.两手带动上身起；3.手扶膝盖，腹部发力坐；4.还原。',NULL,NULL,NULL),(472,'YD2017','直腿臂上举坐',NULL,2,'','',NULL,NULL,NULL,NULL,NULL,NULL,NULL,'','1.仰卧地面，上臂上举；2.两臂上举带动身体起；3.缓慢还原。',NULL,NULL,NULL),(473,'YD2018','仰卧起静力手抱膝举腿',NULL,2,'','',NULL,NULL,NULL,NULL,NULL,NULL,NULL,'','1.仰卧地面，两手抱头，两腿屈膝；2.右腿伸直抬起，两手抱右膝。',NULL,NULL,NULL),(474,'YD2019','侧卧肘静力支撑手侧上举',NULL,2,'','',NULL,NULL,NULL,NULL,NULL,NULL,NULL,'','1.侧卧地面；2.单肘支撑顶髋；3.腹部发力，单手侧上举。',NULL,NULL,NULL),(475,'YD2020','仰卧起交叉提膝',NULL,2,'','',NULL,NULL,NULL,NULL,NULL,NULL,NULL,'','1.仰卧地面，两腿屈膝；2.两手抱头，上身抬离地面，提左膝；3.交替进行。',NULL,NULL,NULL),(476,'YD2021','坐式屈腿',NULL,2,'','',NULL,NULL,NULL,NULL,NULL,NULL,NULL,'','1.坐于地面，两腿伸直，两手背后撑地；2.两腿屈膝回收，脚尖上勾；3.两腿伸直，缓慢放下。',NULL,NULL,NULL),(477,'YD2022','仰卧举腿肘触膝',NULL,2,'','',NULL,NULL,NULL,NULL,NULL,NULL,NULL,'','1.仰卧，两手抱头，两腿并拢举起；2.两手抱头起，右肘关节触膝盖；3.左肘关节触膝盖。',NULL,NULL,NULL),(478,'YD2023','侧卧举腿',NULL,2,'','',NULL,NULL,NULL,NULL,NULL,NULL,NULL,'','1.侧卧；2.两腿并拢上举；3.换方向，腰部发力；4.两腿并拢上举。',NULL,NULL,NULL),(479,'YD2024','侧身手支撑伸展、踢腿',NULL,2,'','',NULL,NULL,NULL,NULL,NULL,NULL,NULL,'','1.侧身单手支撑；2.左臂、左腿向上伸展；3.左腿前踢；4.左腿后踢。',NULL,NULL,NULL),(480,'YD2025','单肘侧支撑转体',NULL,2,'','',NULL,NULL,NULL,NULL,NULL,NULL,NULL,'','1.侧卧，两腿伸直，右臂屈肘撑地；2.背部发力转体；3.还原。',NULL,NULL,NULL),(481,'YD2026','俯卧静力手支撑换姿势',NULL,2,'','',NULL,NULL,NULL,NULL,NULL,NULL,NULL,'','1.俯卧，两手两脚分开撑地；2.两手分开，两脚并拢；3.两手两脚并拢，静力支撑。',NULL,NULL,NULL),(482,'YD2027','俯卧直臂支撑抬腿',NULL,2,'','',NULL,NULL,NULL,NULL,NULL,NULL,NULL,'','1.俯卧，两手掌撑地；2.左腿屈膝抬起；3.臀部发力，回到准备姿势；4.右腿屈膝抬起。',NULL,NULL,NULL),(483,'YD2028','侧卧屈腿抱头起',NULL,2,'','',NULL,NULL,NULL,NULL,NULL,NULL,NULL,'','1.侧卧于地面，两手抱头屈膝；2.两手抱头，上体抬起；3.还原。',NULL,NULL,NULL),(484,'YD2029','跪立侧俯身',NULL,2,'','',NULL,NULL,NULL,NULL,NULL,NULL,NULL,'','1.两腿并拢跪地；2.两手抱头；3.腰背部发力向左下方俯身；4.腰背部发力向右下方俯身。',NULL,NULL,NULL),(485,'YD2030','俯卧肘脚支撑伸手收腿',NULL,2,'','',NULL,NULL,NULL,NULL,NULL,NULL,NULL,'','1.俯卧两肘撑地，脚尖撑地；2.左手前伸；3.屈腹，右腿内收。',NULL,NULL,NULL),(486,'YD2031','直臂俯卧三点支撑',NULL,2,'','',NULL,NULL,NULL,NULL,NULL,NULL,NULL,'','1.俯卧，两手、膝、脚支撑；2.两腿伸直，两脚分开，膝关节绷直；3.背部保持紧张，控制重心稳定，单手前伸。',NULL,NULL,NULL),(487,'YD2032','屈臂俯卧两点支撑',NULL,2,'','',NULL,NULL,NULL,NULL,NULL,NULL,NULL,'','1.俯卧，两肘支撑，脚尖撑地；2.左腿伸直抬起的同事右手前平举。',NULL,NULL,NULL),(488,'YD2033','直臂俯卧两点支撑',NULL,2,'','',NULL,NULL,NULL,NULL,NULL,NULL,NULL,'','1.俯卧，两臂支撑，脚尖撑地；2.右腿伸直抬起的同时左手前平举。',NULL,NULL,NULL),(489,'YD2034','直臂跪式单腿支撑',NULL,2,'','',NULL,NULL,NULL,NULL,NULL,NULL,NULL,'','1.俯卧，两膝跪地，两手撑地；2.左腿后伸，右臂前平举；3.右腿后伸，左臂前平举。',NULL,NULL,NULL),(490,'YD2035','俯卧肘关节斜支撑',NULL,2,'','',NULL,NULL,NULL,NULL,NULL,NULL,NULL,'','1.俯卧，两肘支撑，脚尖撑地；2.臀部左移，手、脚位置不动；3.还原成准备姿势；4.臀部右移，手、脚位置不动。',NULL,NULL,NULL),(491,'YD2036','侧卧踢腿',NULL,2,'','',NULL,NULL,NULL,NULL,NULL,NULL,NULL,'','1.侧卧，左肘撑地；2.左腿前踢；3.还原。',NULL,NULL,NULL),(492,'YD2037','仰卧提臀',NULL,2,'','',NULL,NULL,NULL,NULL,NULL,NULL,NULL,'','1.仰卧，两腿屈膝；2.两手置于体侧，腰部发力，臀部上顶；3.还原。',NULL,NULL,NULL),(493,'YD2038','仰卧提臀抬腿',NULL,2,'','',NULL,NULL,NULL,NULL,NULL,NULL,NULL,'','1.仰卧，两臂置于体侧，两腿伸直并拢；2.两腿屈膝；3.腰部发力，臀部上顶；4.右腿上抬。',NULL,NULL,NULL),(494,'YD2039','仰卧勾腿提臀',NULL,2,'','',NULL,NULL,NULL,NULL,NULL,NULL,NULL,'','1.仰卧，两臂置于体侧，两腿屈膝；2.右腿置于左膝；3.腰部发力，臀部上顶。',NULL,NULL,NULL),(496,'YD3002','缓解颈部紧张拉伸',NULL,3,'','',NULL,NULL,NULL,NULL,NULL,NULL,NULL,'上肢','平躺于地面，双腿屈膝。十指交叉置于脑后。开始拉伸颈后部的时候，缓缓地将头部从地板上抬起并稍微前倾。然后，头部移回地板，同时双手和手臂用力，给头部运动以阻力。保持这个动作3-4秒钟。放松1-2秒钟，然后再同上一个的拉伸动作一样，将头部轻轻向前拉，下颌朝肚脐方向运动，直到身体有轻柔、舒适的拉伸感，保持这个姿势3-5秒钟。做2-3次。',NULL,NULL,NULL),(497,'YD3003','缓解颈部紧张的拉伸',NULL,3,'','',NULL,NULL,NULL,NULL,NULL,NULL,NULL,'上肢','轻轻拉动头部，下颌朝左腿膝盖，保持3-5秒钟。放松，头部重新回到地面，然后将头部轻轻向右腿膝盖拉动。重复2-3次。',NULL,NULL,NULL),(498,'YD3004','颈侧部的拉伸',NULL,3,'','',NULL,NULL,NULL,NULL,NULL,NULL,NULL,'上肢','头后部着地，将下颌转向一侧肩膀（头部不能离开地板）。转动下颌直到颈侧部得到轻松拉伸。保持3-5秒钟，然后拉伸另一侧。重复2-3次。保持下颌放松，不要屏住呼吸。',NULL,NULL,NULL),(499,'YD3005','肩膀和手臂的拉伸',NULL,3,'','',NULL,NULL,NULL,NULL,NULL,NULL,NULL,'上肢','脸部向下，弯曲双腿，双手向前伸展，然后双臂笔直向后拉，同时手掌轻轻下压。保持放松，不要过度拉伸。保持这个姿势15秒钟。',NULL,NULL,NULL),(500,'YD3006','前臂和手腕的拉伸',NULL,3,'','',NULL,NULL,NULL,NULL,NULL,NULL,NULL,'上肢','用手和膝盖支撑身体。大拇指向外，其他四指指向膝盖。保持手掌平贴地面，同时身体向后靠，此时小臂前部将得到拉伸。保持轻松拉伸5-15秒钟。放松，然后再次拉伸。',NULL,NULL,NULL),(501,'YD3007','肩膀和手臂内侧的拉伸',NULL,3,'','',NULL,NULL,NULL,NULL,NULL,NULL,NULL,'上肢','双臂向上伸展举过头顶，手掌交叉，掌心相对。向上并略微向后拉伸双臂。向上拉伸时吸气。保持这个姿势5-8秒钟，同时保持呼吸自然。',NULL,NULL,NULL),(502,'YD3008','肩膀外侧和手臂上部的拉伸',NULL,3,'','',NULL,NULL,NULL,NULL,NULL,NULL,NULL,'上肢','双膝微屈站立。左手握住右臂外侧肘部上方部位。这时将右臂向身体外侧移动，同时左手为其提供阻力。保持这个动作3-4秒钟。放松一下，然后将右臂缓缓地拉过身体，拉向左侧肩膀，直到肩膀外侧和手臂上部产生舒适的拉伸感。保持这个姿势10秒钟。另一侧也用同样的方法拉伸。',NULL,NULL,NULL),(503,'YD3009','肱三头肌和肩膀上部的拉伸',NULL,3,'','',NULL,NULL,NULL,NULL,NULL,NULL,NULL,'上肢','双手举过头顶，在脑后交叉，用一只手握住另一只手臂的肘部，然后轻轻拉动至产生拉伸感，动作要慢。保持这个姿势15秒钟。不要屏住呼吸。',NULL,NULL,NULL),(504,'YD3010','腋窝部位和肩膀的拉伸',NULL,3,'','',NULL,NULL,NULL,NULL,NULL,NULL,NULL,'上肢','起始位为站位，双腿膝盖微屈。右手肘弯曲，手臂置于脑后，同时用左手握住右手肘。此时，向后移动头部，头后部靠着右臂，直到产生轻微的拉伸感。保持这个姿势10-15秒钟。两侧都做这个动作。',NULL,NULL,NULL),(505,'YD3011','肩膀的拉伸',NULL,3,'','',NULL,NULL,NULL,NULL,NULL,NULL,NULL,'上肢','左手置于脑后，尽力向下伸展。如果可以的话，抓住伸上来的右手。如果你的两手无法握在一起，试着做一做下面的这些动作。1.让别人帮你将两手慢慢靠近，直到你有轻微的拉伸感。这时，保持这个姿势一会儿。不要过分拉伸，即使两只手的手指并没有接触，你仍然可以很充分地拉伸。一定要在身体允许的范围内进行拉伸。2.或者将一条毛巾垂在脑后，左臂弯曲，右臂向上抓住毛巾底部。此时，右手慢慢地沿着毛巾向上移动，将左臂向下拉动。',NULL,NULL,NULL),(506,'YD3012','手臂的拉伸',NULL,3,'','',NULL,NULL,NULL,NULL,NULL,NULL,NULL,'上肢','十指交叉，手臂在与肩同高处向身体前方伸展。在伸展手臂的同时，翻转双手使手心朝外。保持轻松拉伸15秒钟，然后放松，再重复这一动作。',NULL,NULL,NULL),(507,'YD3013','肩膀的放松拉伸',NULL,3,'','',NULL,NULL,NULL,NULL,NULL,NULL,NULL,'上肢','开始时肩膀放松，自然下垂。然后将左肩向上耸，去靠近左耳耳垂。保持这个姿势3-5秒钟。放松，肩膀自然下垂。接下来右肩重复这个动作。将双肩向耳朵方向耸起，直到颈部和肩膀处产生轻微的紧张感。保持这个姿势5秒钟。然后放松，肩膀自然下垂。然后，右肩缓缓向下运动，同时头部微微左倾，左耳朝向左肩。保持这种舒服的拉伸5秒钟。然后换另一侧重复这个动作。',NULL,NULL,NULL),(508,'YD3014','肩膀、手臂和上背部的拉伸',NULL,3,'','',NULL,NULL,NULL,NULL,NULL,NULL,NULL,'上肢','十指交叉高举过头，掌心向上。轻轻向上并向后推手臂，此时去感觉手臂、肩膀以及上背部的拉伸感。保持这个姿势15秒钟。不要屏住呼吸。',NULL,NULL,NULL),(509,'YD3015','颈部侧面的拉伸',NULL,3,'','',NULL,NULL,NULL,NULL,NULL,NULL,NULL,'上肢','拉伸颈部侧面时，将头部从侧面靠向左肩，同时左手从身后抓住右臂，并斜着向下拉伸。保持轻松拉伸5-10秒钟。两侧都做这个动作。',NULL,NULL,NULL),(510,'YD3016','肩膀、手臂和胸部的拉伸',NULL,3,'','',NULL,NULL,NULL,NULL,NULL,NULL,NULL,'上肢','十指交叉置于身后，缓缓向内侧转动肘部，同时伸直手臂。这个动作可以拉伸肩膀、手臂和胸部。保持这个姿势10秒钟。然后，将背后的两只手臂向上举，直到你的手臂、肩膀或者胸部产生拉伸感。保持轻松拉伸5-10秒钟。',NULL,NULL,NULL),(511,'YD3017','肩膀前部和胸部的拉伸',NULL,3,'','',NULL,NULL,NULL,NULL,NULL,NULL,NULL,'上肢','站在门口，手臂弯曲，放在门框上比肩膀略高的位置。然后手臂逐渐挺直，将身体向后推，类似于俯卧撑的动作。重复3-5次后放松。接下来，手臂弯曲，上半身缓缓前移，拉伸肩膀前部和胸部。以令人舒服的力度保持这个姿势15-20秒钟。',NULL,NULL,NULL),(512,'YD3018','肩膀前部和手臂的拉伸',NULL,3,'','',NULL,NULL,NULL,NULL,NULL,NULL,NULL,'上肢','面向墙壁或者贴在墙上，将右手按在墙壁与肩膀同高的位置上。接下来，左手绕过后背，抓住墙面（或者你所使用的其他支撑物）。现在，沿着右手的方向看向左肩后方，保持肩膀贴近墙面，缓缓转头。用同样的方法拉伸另一侧。缓缓地拉伸，控制动作。',NULL,NULL,NULL),(513,'YD3019','上半身侧面、肩膀和手臂的拉伸',NULL,3,'','',NULL,NULL,NULL,NULL,NULL,NULL,NULL,'上肢','起始位为站位，两只手臂向相反的方向伸展。保持这个姿势10秒钟。然后，两只手臂交换方向，重复这个动作。放松下颌，有节奏地呼吸。',NULL,NULL,NULL),(514,'YD3020','手腕的拉伸',NULL,3,'','',NULL,NULL,NULL,NULL,NULL,NULL,NULL,'上肢','首先，双手手指交叉，放于胸前，然后双手和手腕顺时针转动10次。再逆时针转动10次。',NULL,NULL,NULL),(515,'YD3021','手指的拉伸',NULL,3,'','',NULL,NULL,NULL,NULL,NULL,NULL,NULL,'上肢','十指张开、伸展，直到手指有拉伸感。保持这个动作10秒钟，然后放松。接下来，手指指节处弯曲，保持10秒钟，然后放松。',NULL,NULL,NULL),(516,'YD3022','手腕的放松拉伸',NULL,3,'','',NULL,NULL,NULL,NULL,NULL,NULL,NULL,'上肢','手臂向前伸直，手指向上，弯曲手腕。保持这个姿势10-12秒，重复练习2次。然后，手指向下，弯曲手腕。保持这个动作10-12秒，重复练习2次。',NULL,NULL,NULL),(517,'YD3023','手指的放松拉伸',NULL,3,'','',NULL,NULL,NULL,NULL,NULL,NULL,NULL,'上肢','用一只手的拇指和食指轻轻握住另一只手的一根手指，使手指顺时针、逆时针各转动5次。每一根手指都要动一动。之后，轻轻地将每根手指向外拉，并保持2-3秒。',NULL,NULL,NULL),(518,'YD3024','手腕和手指的放松',NULL,3,'','',NULL,NULL,NULL,NULL,NULL,NULL,NULL,'上肢','将双臂放在体侧，抖动手臂10-12秒。保持下颌放松，肩膀自然下垂。',NULL,NULL,NULL),(519,'YD3025','前臂内侧和手腕的拉伸',NULL,3,'','',NULL,NULL,NULL,NULL,NULL,NULL,NULL,'上肢','开始时，将手臂伸直置于身体后方，然后双手缓缓向外侧转动（同时保持手臂伸直），直到前臂内侧和手腕有拉伸感。保持这个动作5-10秒。',NULL,NULL,NULL),(520,'YD3026','前臂、手腕的拉伸',NULL,3,'','',NULL,NULL,NULL,NULL,NULL,NULL,NULL,'上肢','双手手掌合十，置于身体前方。之后，双手向下移动，保持双手手掌始终贴在一起，直到有轻柔的拉伸感。肘部要保持向上平齐。保持这个动作5-8秒。从以上拉伸动作开始，转动双手手掌，直到它们大致朝下。一直转动到产生轻微的拉伸感。保持肘部向上平齐，保持5-8秒。双手手掌合十置于胸前，将一只手轻轻推向身体一侧，直到有轻微的拉伸感。保持肘部向上平齐，保持5-8秒。',NULL,NULL,NULL),(521,'YD3027','手臂内侧的拉伸',NULL,3,'','',NULL,NULL,NULL,NULL,NULL,NULL,NULL,'上肢','双手交叉，然后双臂向前伸直，手掌向外翻出，感受手臂和背部上方（肩胛部位）的拉伸。保持这个姿势20秒，至少做2次。',NULL,NULL,NULL),(522,'YD3028','手臂的坐位拉伸',NULL,3,'','',NULL,NULL,NULL,NULL,NULL,NULL,NULL,'上肢','双手交叉，双臂向头顶上方伸直，手掌向上翻出。感受手臂和胸腔上部的拉伸，保持这个姿势10秒。要保持舒适的拉伸。反复练习3次。',NULL,NULL,NULL),(523,'YD3029','手臂和侧腰的拉伸',NULL,3,'','',NULL,NULL,NULL,NULL,NULL,NULL,NULL,'上肢','双臂抬高过头，右手握住左手，将左臂向身体右侧拉动。在确保身体舒适的同时，保证手臂尽量伸直。保持这个姿势10秒，两侧进行同样的拉伸。',NULL,NULL,NULL),(524,'YD3030','上臂的坐位拉伸',NULL,3,'','',NULL,NULL,NULL,NULL,NULL,NULL,NULL,'上肢','左手握住右臂肘部；右侧肘部向下移动，同时左手给以阻力。保持这个动作3-4秒。放松一会儿，然后轻轻地将右侧肘部在脑后向左下方拉动，直到上臂后部有柔和的拉伸感产生。保持5-15秒，另一侧也进行同样的拉伸。',NULL,NULL,NULL),(525,'YD3031','肩膀和上背部的拉伸',NULL,3,'','',NULL,NULL,NULL,NULL,NULL,NULL,NULL,'上肢','双手交叉，置于脑后；肘部向外伸展，上半身自然放松，不要倾斜。现在，试图去挤压肩胛部，使上背部和肩胛部感受到压力。保持4-5秒，压力会逐渐消失，之后放松。重复做几次。',NULL,NULL,NULL),(526,'YD3032','上背部和颈部的拉伸',NULL,3,'','',NULL,NULL,NULL,NULL,NULL,NULL,NULL,'上肢','左手握住右臂肘部上方的位置。现在，轻轻将右侧肘部向左肩处拉伸，同样眼睛看向右肩后方。保持拉伸10秒钟。两侧进行同样的拉伸。',NULL,NULL,NULL),(527,'YD3033','前臂的拉伸',NULL,3,'','',NULL,NULL,NULL,NULL,NULL,NULL,NULL,'上肢','手掌水平放在椅子上，拇指朝外，其他四指指向后方。然后身体慢慢后仰以拉伸前臂。要保证手掌水平放在椅子上。保持10秒钟，两侧均这样拉伸。如果你愿意，可以同时拉伸两条手臂。',NULL,NULL,NULL),(528,'YD3034','颈部的拉伸',NULL,3,'','',NULL,NULL,NULL,NULL,NULL,NULL,NULL,'上肢','下颌向左肩方向转动，使颈部右侧产生拉伸感。保持舒适的拉伸感。每个方向拉伸2次。保持双肩下垂放松，不要屏住呼吸。',NULL,NULL,NULL),(529,'YD3035','脸部的放松拉伸',NULL,3,'','',NULL,NULL,NULL,NULL,NULL,NULL,NULL,'上肢','向上抬眉并尽量睁大双眼；同时张开嘴，吐出舌头，拉伸鼻子和下巴附近的肌肉。保持拉伸5-10秒。重复以上动作几次。',NULL,NULL,NULL),(530,'YD3036','抬升双脚时的颈部拉伸',NULL,3,'','',NULL,NULL,NULL,NULL,NULL,NULL,NULL,'上肢','双手交叉放于脑后（大概与双耳同高），将头部轻轻向前拉，直到产生轻松拉伸的感觉。保持5秒钟。重复2-3次。',NULL,NULL,NULL),(531,'YD3037','腹股沟的拉伸',NULL,3,'','',NULL,NULL,NULL,NULL,NULL,NULL,NULL,'下肢','仰卧平躺，放松，屈膝，双脚合十。保持该姿势30秒钟，让重力产生拉伸作用。为了舒适起见，头部可以枕一个小枕头。',NULL,NULL,NULL),(532,'YD3038','腹股沟和髋部的拉伸',NULL,3,'','',NULL,NULL,NULL,NULL,NULL,NULL,NULL,'下肢','仰卧平躺，放松，屈膝，双脚合十。轻轻上下抖动双腿10-12次，在上下两个方向上的抖动幅度都不超过2-3厘米。这个动作应该由髋上部开始。',NULL,NULL,NULL),(533,'YD3039','腰部、髋上部及侧部的拉伸',NULL,3,'','',NULL,NULL,NULL,NULL,NULL,NULL,NULL,'下肢','仰卧平躺，双膝并拢，双脚自然放松置于地面。十指交叉枕于脑后，双臂紧贴地面。将左腿搭于右腿之上，然后，用左腿将右腿拉向地面，直到你感觉到髋部或者腰部得到了较好的拉伸。放松，保持上背部、头后部、肩膀以及肘部平贴于地面。保持这个姿势10-20秒钟。在身体的另一侧重复上述动作，将右腿搭于左腿之上，向右下方拉动。',NULL,NULL,NULL),(534,'YD3040','腰部、款上部及侧部拉伸',NULL,3,'','',NULL,NULL,NULL,NULL,NULL,NULL,NULL,'下肢','仰卧平躺，双膝并拢，双脚自然放松置于地面。十指交叉枕于脑后，双臂紧贴地面。用左腿压着右腿，同时将右腿向竖直方向拉动。保持肌肉收缩5秒钟，然后放松。',NULL,NULL,NULL),(535,'YD3041','腿部和背部的拉伸',NULL,3,'','',NULL,NULL,NULL,NULL,NULL,NULL,NULL,'下肢','双手置于膝盖后面，将右腿向胸部拉动。保持轻松拉伸5-15秒钟。然后重复这个动作，将左腿向胸部拉动。完成了单腿拉至胸部的动作之后，将双腿都拉至胸部。在做这个动作的时候要努力先保持头后部向下，然后弯曲身体，使头部向膝盖靠近。',NULL,NULL,NULL),(536,'YD3042','腿部及背部拉伸',NULL,3,'','',NULL,NULL,NULL,NULL,NULL,NULL,NULL,'下肢','将右侧膝盖拉向胸部，然后将膝盖和腿越过身体拉向对侧肩膀，从而使你的右髋外侧有拉伸感。保持轻松拉伸5-15秒。两侧都做这个拉伸动作。完成了单腿拉至胸部的动作之后，将双腿都拉至胸部。在做这个动作的时候要努力先保持头后部向下，然后弯曲身体，使头部向膝盖靠近。',NULL,NULL,NULL),(537,'YD3043','腿部及背部的拉伸',NULL,3,'','',NULL,NULL,NULL,NULL,NULL,NULL,NULL,'下肢','起始为躺姿，轻轻将右腿向右肩外侧拉动。双手应该置于右腿后面、膝盖略上的位置。保持这个姿势10-20秒，保持持续的深呼吸。然后左腿重复这个动作。完成了单腿拉至胸部的动作之后，将双腿都拉至胸部。在做这个动作的时候要努力先保持头后部向下，然后弯曲身体，使头部向膝盖靠近。',NULL,NULL,NULL),(538,'YD3044','腿部内侧的拉伸',NULL,3,'','',NULL,NULL,NULL,NULL,NULL,NULL,NULL,'下肢','仰面躺好，双膝向胸部弯曲。将两手放在小腿上膝盖略下的位置。为了拉伸大腿内侧和腹股沟部位，缓慢地将双腿向外侧和下方拉动，直到产生轻微的拉伸感。保持10秒钟。再次伸直双腿。拉伸，然后放松。',NULL,NULL,NULL),(539,'YD3045','腰部和髋侧部的拉伸',NULL,3,'','',NULL,NULL,NULL,NULL,NULL,NULL,NULL,'下肢','将左膝弯曲，然后用右手将弯曲的左腿向上拉，拉至右腿前侧。左臂向外伸直。转头看向左手。现在，用放在左腿上的右手（置于膝盖上方）将弯曲的左腿向下拉至地板，直到腰部和髋部产生轻微的拉伸感。放松双脚和脚踝，保持肩膀后面平贴地面。保持轻松拉伸5-15秒。两侧都做这个拉伸动作。为了增强臀部的拉伸，将手伸到右腿下，放在膝盖后面。缓缓将右腿膝盖拉向对侧肩膀，直到有轻微的拉伸感。保持肩膀后面平贴地面。保持5-15秒钟。双腿都做这个动作。',NULL,NULL,NULL),(540,'YD3046','脚踝的坐位拉伸',NULL,3,'','',NULL,NULL,NULL,NULL,NULL,NULL,NULL,'下肢','朝顺时针和逆时针方向全面转动脚踝，在转动过程中，手稍稍提供阻力。每个方向重复10-20次。两只脚的脚踝都做这个动作。接着，用手指将脚趾轻轻向身体方向拉动，以拉伸双脚脚背和脚趾的韧带。保持轻松拉伸10秒钟。重复2-3次。两只脚都做这个动作。',NULL,NULL,NULL),(541,'YD3047','脚趾的坐位拉伸',NULL,3,'','',NULL,NULL,NULL,NULL,NULL,NULL,NULL,'下肢','将双手大拇指放在两脚大脚趾的根部。食指微屈，置于大脚趾的趾甲上。利用手指的力量将大脚趾前后移动15-20秒钟。然后分别沿顺时针和逆时针方向转动大脚趾10-15秒钟。大拇指上下运动，按摩足弓，并可以用适当的压力做划圈动作放松这部分的肌肉。两只脚都做这个动作。',NULL,NULL,NULL),(542,'YD3048','大腿后腱和髋部的拉伸',NULL,3,'','',NULL,NULL,NULL,NULL,NULL,NULL,NULL,'下肢','一只手握住脚踝外侧，另一只手和小臂环抱弯曲的膝盖。将腿当做一个整体，轻轻地拉向胸部，直到觉得大腿后部得到了轻松拉伸。保持这个姿势5-15秒钟。要确保腿部是作为一个整体被拉向胸部的，这样膝盖就不会感到紧张。轻轻加大拉伸的幅度，让腿离胸部更近些。保持进阶拉伸10秒钟。两条腿都做这个动作。',NULL,NULL,NULL),(543,'YD3049','臀部的拉伸',NULL,3,'','',NULL,NULL,NULL,NULL,NULL,NULL,NULL,'下肢','仰面躺好，弯曲右腿膝盖并将右小腿外侧靠在左腿膝盖上。双手置于左腿膝盖略下的位置，轻轻将左腿拉向胸部，直到臀部（梨状肌）有拉伸感。保持这个姿势10-20秒钟。两条腿都做这个动作。拉伸时将头从地板上抬起，目视前方。缓缓地深呼吸。',NULL,NULL,NULL),(544,'YD3050','脚踝和大腿前侧的拉伸',NULL,3,'','',NULL,NULL,NULL,NULL,NULL,NULL,NULL,'下肢','将身体转向左侧侧卧，头部侧枕于左手手掌上。右手置于右脚脚趾和脚踝之间，握住脚背，轻轻地将右脚跟拉向右侧臀部，以拉伸脚踝和股四头肌（大腿前部）。保持轻松拉伸10秒钟。现在收缩右大腿肌肉（股四头肌），使右髋前部向前移动，同时将右腿伸向右手。保持轻松拉伸10秒钟，身体保持在一条直线上。然后同样的方法拉伸左腿。',NULL,NULL,NULL),(545,'YD3051','大腿外侧的拉伸',NULL,3,'','',NULL,NULL,NULL,NULL,NULL,NULL,NULL,'下肢','首先，身体侧卧，右腿弯曲，右手从外侧握住右小腿前部。用右腿开始在身体前方画圈，并轻轻画向身后。在用右腿划圈的同时，将右手移动到右脚踝上部。拉伸髂胫束时，应当轻轻地将右脚跟拉向臀部，同时向地板方向移动膝盖内侧。保持这个姿势10-15秒钟。两条腿都做这个动作。',NULL,NULL,NULL),(546,'YD3052','坐位股四头肌拉伸',NULL,3,'','',NULL,NULL,NULL,NULL,NULL,NULL,NULL,'下肢','首先，坐在地板上，右腿弯曲，将右脚跟置于右髋外侧。然后左脚弯曲，左脚脚心贴近右大腿内侧。你的脚应当向后伸展，脚面绷直，脚踝弯曲。如果脚踝过于紧张，只需稍微将脚向后伸展以减轻脚踝的紧张感。现在，缓缓向后倾斜你的身体，直到你能够感觉到轻松拉伸。用双手支撑身体并保持平衡。保持这个轻松拉伸5-15秒钟。',NULL,NULL,NULL),(547,'YD3053','大腿后侧的拉伸',NULL,3,'','',NULL,NULL,NULL,NULL,NULL,NULL,NULL,'下肢','拉伸右大腿后腱时，伸直右腿，使左脚脚底轻触右大腿内侧。现在，你的姿势是一条腿伸直，另一条腿弯曲。然后从髋部开始，身体慢慢前倾，向右脚靠近，直到产生轻微的拉伸张力为止。保持这个姿势5-15秒钟。拉伸张力消失以后，再从髋部开始，稍稍增加身体向前弯曲的幅度，进一步向脚的方向弯曲身体。现在换一侧，用同样的方法拉伸左大腿后腱。在拉伸的过程中，要保持伸直的腿那一侧的脚竖直向上，脚踝和脚趾放松。开始拉伸的时候，不要将头部向下探。如果你不能轻松地摸到自己的脚，那么可以用一条毛巾或者弹力绳来辅助你。',NULL,NULL,NULL),(548,'YD3054','腰部和肩胛区中部的拉伸',NULL,3,'','',NULL,NULL,NULL,NULL,NULL,NULL,NULL,'下肢','将左臂绕过身体，置于右腿外侧。右手向身体外侧伸出以保持身体的平衡。若想改变拉伸，可以将左髋前部稍稍向身体内侧移动，同时转头看向右肩后方。不要屏住呼吸。保持这个姿势10-15秒钟。',NULL,NULL,NULL),(549,'YD3055','小腿后侧的拉伸',NULL,3,'','',NULL,NULL,NULL,NULL,NULL,NULL,NULL,'下肢','拉伸小腿后部（小腿肚和比目鱼肌）时，用毛巾环绕前脚掌，将脚趾拉向膝盖。如果你的柔韧性比较好的话，也可以用手将脚趾拉向膝盖。或者在不依靠手部力量的情况下，将脚拉向膝盖（背曲）。保持这个姿势，然后身体稍稍前倾，拉伸小腿肚。保持姿势10-20秒钟。',NULL,NULL,NULL),(550,'YD3056','膝盖、脚踝和股四头肌的拉伸',NULL,3,'','',NULL,NULL,NULL,NULL,NULL,NULL,NULL,'下肢','跪坐姿势有助于拉伸膝盖、脚踝和股四头肌。跪坐可以放松小腿肚，使其拉伸变得更加容易。如果做这个姿势感到紧张，可以将两手支撑在腿的外侧，同时身体稍稍前倾，以保持平衡。找到一个合适的姿势，保持10-30秒钟。',NULL,NULL,NULL),(551,'YD3057','脚趾和脚底的拉伸',NULL,3,'','',NULL,NULL,NULL,NULL,NULL,NULL,NULL,'下肢','拉伸脚趾和脚底（跖腱膜）时，脚趾撑地跪坐；双手置于身体前方地面，起到支撑身体和控制动作的作用。若想加大拉伸力度，就慢慢将身体后倾。轻松拉伸5-10秒钟。',NULL,NULL,NULL),(552,'YD3058','跟腱部位和脚踝的拉伸',NULL,3,'','',NULL,NULL,NULL,NULL,NULL,NULL,NULL,'下肢','将一只脚的脚趾和另一条腿的膝盖基本平齐或平行，然后将弯曲的那条腿的脚后跟离地1-2厘米。此时胸部和肩膀前倾靠在大腿上（膝盖上方），同时将脚后跟向下去贴近地面。保持这个姿势5-10秒钟。',NULL,NULL,NULL),(553,'YD3059','髋前部的拉伸',NULL,3,'','',NULL,NULL,NULL,NULL,NULL,NULL,NULL,'下肢','拉伸髋前部的肌肉（髂腰肌）时，将一条腿向前移动，直到位于脚踝的正上方，另一条腿的膝盖置于地板上。将髋前部向下压，直到产生舒适的拉伸感。保持这个姿势10-20秒钟。不要让膝盖超过脚踝，因为这样会阻碍髋部和腿部的拉伸。',NULL,NULL,NULL),(554,'YD3060','髋部、腰部的拉伸',NULL,3,'','',NULL,NULL,NULL,NULL,NULL,NULL,NULL,'下肢','将一条腿向前移动，直到位于脚踝的正上方，另一条腿的膝盖置于地板上。慢慢将左髋转向身体内侧。将轻松拉伸保持5-15秒钟。两条腿都做这个动作。你还可以扭头看向肩膀后方，这样能够使颈部和上背部也得到拉伸。',NULL,NULL,NULL),(555,'YD3061','加强髋部柔韧性的拉伸',NULL,3,'','',NULL,NULL,NULL,NULL,NULL,NULL,NULL,'下肢','前腿膝盖保持在脚踝的正上方，将重心移至后脚脚趾和前脚掌处。后腿保持伸直状态，轻松拉伸15-20秒钟。试着下移髋部，慢慢找到合适的拉伸力度。用双手撑地保持平衡。两条腿都要做这个动作。另一个变化动作是轻轻将上半身下移至前腿膝盖内侧从而改变拉伸动作。保持舒适的拉伸姿势10-15秒钟。',NULL,NULL,NULL),(556,'YD3062','骨盆部位的拉伸',NULL,3,'','',NULL,NULL,NULL,NULL,NULL,NULL,NULL,'下肢','直立上半身来拉伸骨盆部位。开始时，一条腿弯曲，置于另一条腿之前。前腿脚踝位于前腿膝盖的正下方，后腿轻置于地板上。双手重叠放在大腿上膝盖前段的位置。现在拉伸髋前部和大腿。双臂伸直，保持上半身直立，同时髋前部下压。保持这个姿势5-15秒钟。用同样的方法拉伸另一侧。',NULL,NULL,NULL),(557,'YD3063','骨盆和髋部的拉伸',NULL,3,'','',NULL,NULL,NULL,NULL,NULL,NULL,NULL,'下肢','一条腿弯曲，置于另一条腿之前。前腿脚踝位于前腿膝盖的正下方，后脚膝盖离开地板，后脚前脚掌撑地，这样后腿能伸得更直一些。保持这个姿势5-15秒钟。两侧都要拉伸。髋前部下压，同时保持上半身直立。',NULL,NULL,NULL),(558,'YD3064','大腿后部和腘窝的拉伸',NULL,3,'','',NULL,NULL,NULL,NULL,NULL,NULL,NULL,'下肢','首先，采取站立姿势。双脚分开至大致与肩同宽，脚尖指向正前方。身体由髋部轻轻向下弯曲，同时保持膝盖微微弯曲（2-3厘米），以减轻腰部的压力。颈部和手臂保持放松，拉伸至两腿后部产生轻微的拉伸感。保持轻松拉伸5-15秒钟，直到你感到放松。',NULL,NULL,NULL),(559,'YD3065','腰部和大腿后部的拉伸',NULL,3,'','',NULL,NULL,NULL,NULL,NULL,NULL,NULL,'下肢','坐下来，双腿向前伸直，两脚脚尖朝上，两个脚后跟之间的距离不超过15厘米。从髋部开始前屈，进行轻松拉伸。保持这个姿势5-15秒钟。',NULL,NULL,NULL),(560,'YD3066','大腿后部和小腿后部的拉伸',NULL,3,'','',NULL,NULL,NULL,NULL,NULL,NULL,NULL,'下肢','仰面躺好，将一条腿向上抬起，使大腿与身体成900；保持腰部紧贴地面。保持这个姿势10-20秒钟。另一条腿也做同样的动作。如果感觉有必要，可以握住大腿后部加以拉伸。你也可以用毛巾或者弹力绳绕在足底，然后轻拉。请用自己感觉舒适的力度拉伸。',NULL,NULL,NULL),(561,'YD3067','腹股沟的坐位拉伸',NULL,3,'','',NULL,NULL,NULL,NULL,NULL,NULL,NULL,'下肢','双脚合十，双手握住双脚脚趾。轻轻地由髋部开始向前弯曲身体，直到腹股沟处有舒适的拉伸感。保持这个姿势20秒钟。不要从头部和肩膀开始这个动作，而要由髋部开始弯曲。试着让你的肘部置于双腿外侧，以保持身体的稳定和平衡。',NULL,NULL,NULL),(562,'YD3068','下蹲拉伸',NULL,3,'','',NULL,NULL,NULL,NULL,NULL,NULL,NULL,'下肢','从站立姿势起开始下蹲，双脚平贴地面，脚尖指向正前方约150角方向。两个脚跟应相隔10-30厘米。保持膝盖位于肩部外侧，在大脚趾的正上方。保持舒服的拉伸姿势10-15秒钟。',NULL,NULL,NULL),(563,'YD3069','腹股沟的下蹲拉伸',NULL,3,'','',NULL,NULL,NULL,NULL,NULL,NULL,NULL,'下肢','起始为站立姿势。将双手轻轻放在大腿内侧，膝盖的正上方。双脚打开，至少与肩同宽。慢慢下压髋部，同时轻轻向外推大腿，直到腹股沟产生轻微的拉伸感。保持这个姿势15秒钟。',NULL,NULL,NULL),(564,'YD3070','脚踝的站位拉伸',NULL,3,'','',NULL,NULL,NULL,NULL,NULL,NULL,NULL,'下肢','如果可以的话，手扶在一个物体上以保持身体平衡。左脚抬高离开地面，顺时针旋转脚和脚踝10-12次；之后，再逆时针旋转脚和脚踝10-12次。右脚也进行同样的练习。',NULL,NULL,NULL),(565,'YD3071','小腿后侧的站位拉伸',NULL,3,'','',NULL,NULL,NULL,NULL,NULL,NULL,NULL,'下肢','双腿一前一后，站立在一个坚实的支撑物附近。将手臂抬起，前臂靠在支撑物上，额头枕于手上。前腿弯曲，前脚指向正前方；后腿伸直。将髋部缓缓前移，腰部保持平直。拉伸时，后脚的脚跟不能离地，脚趾指向正前方或者稍稍向内。保持轻松拉伸10-15秒钟。动作不要过快。现在交换双腿的前后位置，再进行同样的练习。',NULL,NULL,NULL),(566,'YD3072','跟腱的站位拉伸',NULL,3,'','',NULL,NULL,NULL,NULL,NULL,NULL,NULL,'下肢','双腿一前一后分开站立，在微微屈膝的同时将髋部下移。在这个过程中，后背始终保持平直，后脚的脚指稍稍向内或者指向正前方，脚跟不能离地。保持这个姿势10秒钟。跟腱只需有轻微的拉伸感即可。',NULL,NULL,NULL),(567,'YD3073','跟腱和脚踝的拉伸',NULL,3,'','',NULL,NULL,NULL,NULL,NULL,NULL,NULL,'下肢','左脚向前迈出，靠向墙壁，使左脚脚踝向上弯曲，脚趾朝上。上身前移，直到跟腱有轻微的拉伸感。保持这个姿势8-10秒钟。',NULL,NULL,NULL),(568,'YD3074','髋侧部的拉伸',NULL,3,'','',NULL,NULL,NULL,NULL,NULL,NULL,NULL,'下肢','双腿一前一后，前腿弯曲，前脚指向正前方后腿伸直。将右侧髋部微微转向身体内侧，以拉伸右侧髋部的肌肉。将右侧髋部向右突出，同时肩膀微微向髋部的相反方向倾斜。保持这个姿势，平稳拉伸5-15秒钟。两侧都进行同样的练习。在拉伸过程中，保持后脚指向正前方，脚跟不要离开地面。',NULL,NULL,NULL),(569,'YD3075','大腿内侧的站位拉伸',NULL,3,'','',NULL,NULL,NULL,NULL,NULL,NULL,NULL,'下肢','两脚分开比肩宽些，双脚脚尖指向正前方。右膝微屈，将左髋向右膝方向下移。这会令你的左大腿内侧（左腹股沟）有拉伸感。保持这个姿势5-15秒钟。换一侧，拉伸右大腿。',NULL,NULL,NULL),(570,'YD3076','髋侧部的站位拉伸',NULL,3,'','',NULL,NULL,NULL,NULL,NULL,NULL,NULL,'下肢','单腿站立，膝盖微屈；将另一条腿向上盘起，小腿外侧放在站立腿的膝盖部。一只手放在盘起的腿的脚踝内侧，另一只手置于该腿的大腿上。现在，稍稍加大膝盖的弯曲程度。与此同时，将胸部前倾，使其比站立腿的膝盖位置稍稍靠前。拉伸时不要屏住呼吸。',NULL,NULL,NULL),(571,'YD3077','大腿后腱上部、臀部和髋部的拉伸',NULL,3,'','',NULL,NULL,NULL,NULL,NULL,NULL,NULL,'下肢','寻找一个支撑物，将一只手扶在支撑物上，用另一只手将一条腿的膝盖拉向胸部。腰部和髋部不要前倾。这个姿势可以轻轻拉伸大腿后腱上部、臀部和髋部。站立的那条腿，腿指向正前方，膝盖微微弯曲（2-3厘米）。保持轻松拉伸5-15秒钟。两条腿都进行同样的练习。',NULL,NULL,NULL),(572,'YD3078','腹股沟、大腿后腱和髋前部的拉伸',NULL,3,'','',NULL,NULL,NULL,NULL,NULL,NULL,NULL,'下肢','一条腿抬高，将前脚掌放在一个固定的物体上。另一条腿直立，脚尖指向正前方。现在弯曲抬高的那条腿的膝盖，同时髋部前移。这个动作可以拉伸腹股沟，大腿后腱和髋前部。保持这个姿势10-15秒钟。两条腿都进行同样的练习。如果可以的话，双手扶住某物以保持身体平衡并控制动作。',NULL,NULL,NULL),(573,'YD3079','髋前部和股四头肌的拉伸',NULL,3,'','',NULL,NULL,NULL,NULL,NULL,NULL,NULL,'下肢','一条腿向后抬起，脚前段搭在高度适宜的桌子、栏杆或者横杠上。由髋前部开始将抬高的腿整体缓缓向前拉（将腿往前移），以拉伸髋前部和股四头肌。做这个动作时，收缩臀肌，站立的那条腿微屈（2-3厘米），上半身挺直，踩在地面上的脚指向正前方。你可以稍稍弯曲站立的腿的膝盖，以调整拉伸力度。保持轻松拉伸5-15秒钟。',NULL,NULL,NULL),(574,'YD3080','大腿后侧的站位拉伸',NULL,3,'','',NULL,NULL,NULL,NULL,NULL,NULL,NULL,'下肢','一条腿抬高，将小腿后部放在大概与腰齐高（或者其他让身体感觉舒服的高度）的桌子或者支架上。站立的腿微微屈膝（2-3厘米），脚指向前方，如同跑步或者步行时的正确姿势。现在，目视正前方，由髋部起缓缓向前屈体，直到抬起的腿的后部产生拉伸感。保持这个姿势5-15秒钟再放松。先进行轻松拉伸，放松，然后缓缓地加大幅度。',NULL,NULL,NULL),(575,'YD3081','大腿内侧的拉伸',NULL,3,'','',NULL,NULL,NULL,NULL,NULL,NULL,NULL,'下肢','拉伸右腿的内侧时，转动站立的左脚，使其与支撑物平行。上半身转向左脚所指的方向，然后右髋稍稍转向身体内侧。现在慢慢向右侧屈体，右肩朝右侧膝盖方向倾斜。这个动作可以拉伸右大腿内侧。保持轻松拉伸5-15秒钟。确保站立的腿的膝盖微微弯曲。用同样的方法拉伸另一条腿。',NULL,NULL,NULL),(576,'YD3082','大腿后侧和内侧的拉伸',NULL,3,'','',NULL,NULL,NULL,NULL,NULL,NULL,NULL,'下肢','一条腿抬高，将小腿后部放在大概与腰齐高的桌子或支架上。身体由腰部开始弯向站立于地面的脚。抬高的腿要伸直，但是当身体前屈时它会转向内侧。拉伸时，站立的腿的膝盖微微弯曲（2-3厘米）。保持轻松拉伸5-15秒钟。不要屏住呼吸。拉伸抬高的腿的腹股沟时，弯曲站立的腿的膝盖，同时抬高的腿要伸直。如果可以的话，将双手放在地上，为身体提供支撑以加强平衡。保持轻松拉伸5-15秒钟。',NULL,NULL,NULL),(577,'YD3083','腰部、髋部的拉伸',NULL,3,'','',NULL,NULL,NULL,NULL,NULL,NULL,NULL,'下肢','开始时，双手置于髋部，双脚指向正前方，膝盖微微弯曲。然后髋部转向左侧，同时眼睛向左肩后方看去。保持轻松拉伸10秒钟。每一侧拉伸2次。拉伸时，身体要保持放松，轻松地呼吸。',NULL,NULL,NULL),(578,'YD3084','脚踝的拉伸',NULL,3,'','',NULL,NULL,NULL,NULL,NULL,NULL,NULL,'下肢','身体为坐位。分别按顺时针、逆时针的方向转动脚踝，每次转动20-30次。',NULL,NULL,NULL),(579,'YD3085','大腿后侧和外侧的拉伸',NULL,3,'','',NULL,NULL,NULL,NULL,NULL,NULL,NULL,'下肢','握住左腿膝盖下方，将左腿轻轻拉向胸部。如果想单独拉伸大腿，可以用手臂将弯曲的腿拉向对侧肩膀。保持轻松拉伸15秒。两侧进行同样的拉伸。',NULL,NULL,NULL),(580,'YD3086','髋外侧的拉伸',NULL,3,'','',NULL,NULL,NULL,NULL,NULL,NULL,NULL,'下肢','右腿弯曲放在左腿上，右脚踝放在左腿膝盖处。如果想拉伸右髋外侧（梨状肌部分），那么上身从髋部开始慢慢前倾，直到产生轻柔地拉伸感。保持5-10秒。身体要放松，有节奏地呼吸。然后在左侧进行同样的拉伸。',NULL,NULL,NULL),(581,'YD3087','抬升双脚时的腿部内侧拉伸',NULL,3,'','',NULL,NULL,NULL,NULL,NULL,NULL,NULL,'下肢','放松身体，仰面躺下，利用墙或是门框帮助身体进行拉伸。开始时，双腿并紧抬高，脚跟靠着墙壁。臀部距离墙壁8-13厘米，以使后背平贴地面，不会拱起或离开地面。缓缓分开双腿直到产生轻松拉伸的感觉，双脚脚跟始终靠着墙壁。保持这个姿势30秒，然后放松。拉伸时有节奏地呼吸。当你逐渐在做这个姿势感到容易的时候，你可以慢慢把双腿放低，渐渐增大拉伸幅度。千万不要过度拉伸。',NULL,NULL,NULL),(582,'YD3088','大腿内侧和腹股沟的拉伸',NULL,3,'','',NULL,NULL,NULL,NULL,NULL,NULL,NULL,'下肢','将双脚合十靠在墙上，身体放松。如果想增加拉伸强度，可以用双手轻轻向下推大腿内侧，直到产生舒适、轻松的拉伸感。拉伸时要保持放松。保持这个姿势10-15秒。如果想分别拉伸腹股沟的两侧并加大拉伸强度，可以将一条腿向外伸直。保持这个姿势10-15秒。',NULL,NULL,NULL),(583,'YD3089','腿部后侧的拉伸',NULL,3,'','',NULL,NULL,NULL,NULL,NULL,NULL,NULL,'下肢','开始时仰面平躺，一条腿抬高，将脚靠在门框上或墙上；另一条腿伸直。如果想拉伸抬高的那条腿的大腿后腱，可以将身体向门的方向移动，直到产生轻微的拉伸感。保持10-15秒。如果想以此姿势拉伸小腿肚和大腿后腱，可以将脚趾向小腿方向回勾，直到小腿肚有拉伸感。保持这个姿势10-15秒，轻松地呼吸。',NULL,NULL,NULL),(584,'YD3090','腿部内侧和髋部的拉伸',NULL,3,'','',NULL,NULL,NULL,NULL,NULL,NULL,NULL,'下肢','首先，身体成坐位，双脚打开至一个让你觉得舒服的距离。如果想拉伸大腿内侧和髋部，可以从髋部开始，慢慢前倾身体。保证股四头肌的放松，双脚竖直向上。保持10-20秒。双手置于身体前方地面或是握住一个物体，保持身体的平衡和稳定，这样可以更好地控制拉伸动作。练习时注意保持深呼吸。',NULL,NULL,NULL),(585,'YD3091','向前劈叉',NULL,3,'','',NULL,NULL,NULL,NULL,NULL,NULL,NULL,'下肢','将一条腿向前移动，直到位于脚踝的正上方，另一条腿的膝盖置于地板上。前脚慢慢向前移动，直到你两条腿的后部和腹股沟产生适度的拉伸感。想象你的臀部正在竖直下移。保持这个姿势10-15秒。之后，将前腿再向前移动一些，进行进阶拉伸练习。保持这个姿势10-15秒。用双手保持身体的平衡和稳定。你的前脚向前移动得越远，脚底就会离地面越高。随着你的身体越来越柔软，前腿可以继续向前移动，同时髋部下移。保持这个姿势10-15秒。另一条腿也同样进行拉伸。',NULL,NULL,NULL),(586,'YD3092','横向劈叉',NULL,3,'','',NULL,NULL,NULL,NULL,NULL,NULL,NULL,'下肢','由站立位开始，双脚脚尖笔直向前，然后双腿慢慢分开，直到大腿内侧产生拉伸感。想象你的臀部正在竖直下移。用双手保持身体平衡。保持轻松拉伸5-15秒。随着你的身体越来越柔软，可以将双脚向两侧继续打开直到获得你想要的拉伸感。做这个动作时，在身体慢慢降低的过程中，保持双脚脚尖向上，脚后跟不要离开地面。这样可以将拉伸控制在大腿内侧，从而减轻膝盖韧带处的巨大压力（如果你的双脚平贴地面，那么你很有可能使膝盖内侧韧带拉伸过度。）保持这个姿势5-15秒。当你的身体逐渐适应了这个动作之后，你可以试着将髋部高度再下降一些，慢慢加大拉伸强度。注意，不要过度拉伸。',NULL,NULL,NULL),(587,'YD3093','挤压肩胛部的拉伸',NULL,3,'','',NULL,NULL,NULL,NULL,NULL,NULL,NULL,'腰背','十指交叉置于脑后，将肩胛部向中间挤压，使上背部产生紧张感。（做这个动作的时候，胸部应当向上运动。）保持这个姿势4-5秒，然后放松，接着轻轻地将头部向前上方拉伸。这个动作也可以缓解颈部的紧张感。先在颈部和肩膀制造紧张感，然后放松，接着再拉伸颈后部。重复3-4次。',NULL,NULL,NULL),(588,'YD3094','使腰部变平坦的拉伸',NULL,3,'','',NULL,NULL,NULL,NULL,NULL,NULL,NULL,'腰背','收紧臀部肌肉，同时收紧腹部肌肉，使你的腰部变平坦。保持这种拉伸感5-8秒钟，然后放松。重复2-3次。拉伸时，请将注意力集中在保持肌肉的持续收缩上。',NULL,NULL,NULL),(589,'YD3095','挤压肩胛部和收紧臀肌的拉伸',NULL,3,'','',NULL,NULL,NULL,NULL,NULL,NULL,NULL,'腰背','现在，请同时做以下几个拉伸动作：挤压肩胛部，使腰部变平坦，并收紧臀部肌肉。保持肌肉收缩5秒钟，然后放松，接着将头部向前拉，拉伸颈后部和上背部。重复3-4次。现在，将一只手高举过头（手心向上），另一只手沿体侧向下（手心向下）。同时向相反的方向伸展双臂，从而拉伸你的肩膀和颈部。保持这个姿势6-8秒钟。在两侧都至少做2次。腰部要保持放松和水平，下颌也要放松。',NULL,NULL,NULL),(590,'YD3096','伸长拉伸',NULL,3,'','',NULL,NULL,NULL,NULL,NULL,NULL,NULL,'腰背','将双臂伸展过头顶，伸直双腿。在保证身体舒适的情况下，尽量将双臂和双腿往相反的方向拉伸。保持5秒钟，然后放松。现在，将身体进行对角拉伸，伸展右臂的同时绷直左脚脚趾。在感觉舒适的范围内进行拉伸。保持5秒钟，然后放松。用同样的方法拉伸右腿和左臂。现在，再次同时拉伸双臂和双腿。保持5秒钟，然后放松。',NULL,NULL,NULL),(591,'YD3097','舒展背部和腰部的拉伸',NULL,3,'','',NULL,NULL,NULL,NULL,NULL,NULL,NULL,'腰背','开始为俯卧（趴着）姿势，肘部放在肩膀的正下方。此时，下背部至腰部应当有轻微的拉伸张力。保持髋前部紧贴地板。保持这个姿势5-10秒钟。重复2-3次。',NULL,NULL,NULL),(592,'YD3098','身体侧面的拉伸',NULL,3,'','',NULL,NULL,NULL,NULL,NULL,NULL,NULL,'腰背','双脚分开站立，约与肩同宽，脚尖指向正前方，膝盖稍稍弯曲（2-3厘米）。一只手放在髋部，起支撑作用，另一只手臂向上抬起，举过头顶。接下来，腰缓缓朝向置于髋部的手侧弯。动作要缓慢，充分体会拉伸感。保持这个姿势5-15秒钟后放松。逐渐延长保持这个姿势的时间。结束拉伸时要缓缓地解除动作，控制你的动作。不要拉伸得过快或者过于突然。呼吸，保持放松。现在将手从髋部移开，然后双手举过头顶。左手抓紧右手，身体慢慢向左侧弯曲，同时用左臂轻轻将右臂从头上方朝地板方向拉动。通过用一只手臂拉另一只手臂，可以增强体侧和脊椎的拉伸感。不要过度拉伸。保持轻松拉伸8-10秒钟。',NULL,NULL,NULL),(593,'YD3099','脊柱周边肌肉群的拉伸',NULL,3,'','',NULL,NULL,NULL,NULL,NULL,NULL,NULL,'腰背','背向墙壁或者围栏站立，与其保持30-60厘米的距离。双脚分开，约与肩同宽，脚尖指向正前方。然后，慢慢将上半身向后转，直到能轻松地将双手置于墙壁或者围栏上大约与肩同高的位置。向一个方向转动身体，触摸墙壁，然后回到起始位置。然后向相反的方向转动身体，再次触摸墙壁。不要强迫自己转动很大的幅度，以身体感到舒适为限。保持这个姿势5-15秒钟。拉伸时，双膝微屈（2-3厘米）。不要屏住呼吸。用同样的方法拉伸另一侧。',NULL,NULL,NULL),(594,'YD3100','侧腰的拉伸',NULL,3,'','',NULL,NULL,NULL,NULL,NULL,NULL,NULL,'腰背','左手抓在围栏上与腰同高的位置；身体侧弯，右手伸过头顶，抓住围栏。在伸展右手的同时，左手会微微弯曲。保持双膝微屈（2-3厘米）。拉伸腰部和身体侧部时，伸直左臂，同时用右臂（上面）向外拉。保持这个姿势5-10秒钟。两侧都进行同样的练习。',NULL,NULL,NULL),(595,'YD3101','腰部的坐位拉伸',NULL,3,'','',NULL,NULL,NULL,NULL,NULL,NULL,NULL,'腰背','身体前倾，拉伸腰部，并释放此处的压力。保持15-20秒。之后，将双手放在大腿上，将上身推至竖直的姿势。',NULL,NULL,NULL),(596,'YD3102','脊柱的拉伸',NULL,3,'','',NULL,NULL,NULL,NULL,NULL,NULL,NULL,'腰背','身体呈坐位，双手置于身体后方地面。现在，以双手为支撑，轻轻向前移动髋部，这个动作可以帮你拉伸脊柱。保持20秒。',NULL,NULL,NULL),(597,'YD3103','腿部和腰部的拉伸',NULL,3,'','',NULL,NULL,NULL,NULL,NULL,NULL,NULL,'腰背','身体呈坐位，两腿分开。用左手去够右脚，同时将右手放在身体右侧保持平衡。这个动作将增加大腿后腱和腰背部的拉伸强度，它向上可以拉伸到肩胛部，向下可以拉伸到髋部。身体两侧都要进行如上拉伸练习。保持这个动作5-15秒。',NULL,NULL,NULL),(598,'YD3104','腿部和侧腰部的拉伸',NULL,3,'','',NULL,NULL,NULL,NULL,NULL,NULL,NULL,'腰背','身体呈坐位，两腿分开。一只手伸过头顶去够对侧的脚。另一侧的手臂置于身体前方紧靠身体的位置。这是一个对背部和腿部都有好处的横向拉伸动作。保持拉伸5-15秒。身体两侧都进行拉伸。不要过度拉伸，也不要屏住呼吸。',NULL,NULL,NULL),(599,'YD3105','腰部的拉伸',NULL,3,'','',NULL,NULL,NULL,NULL,NULL,NULL,NULL,'腰背 ','站立时膝盖微微弯曲，将手掌放在腰部靠近髋部的位置，指尖朝下。此时手掌轻轻前推，使腰部伸展。保持这个姿势10秒钟。重复2次。久坐之后，可以用这个动作来进行一段时间的拉伸。不要屏住呼吸。',NULL,NULL,NULL),(600,'YD3106','扭转脊柱的坐位拉伸',NULL,3,'','',NULL,NULL,NULL,NULL,NULL,NULL,NULL,'腰背 ','扭转脊柱的拉伸对上下背部、腰部、髋部两侧和胸腔部位都非常有好处。它还可以锻炼你在不转动整个身体的情况下转向侧面或向后看。起始姿势为坐位，右腿伸直，左腿弯曲，左脚跨过右腿放在右腿膝盖外侧。然后弯曲右侧手肘，将其放在左大腿外侧、膝盖上方。利用肘部对左腿内侧的平稳压力保持左腿的稳定。现在，将左手置于身体后方地面，缓缓呼气，同时将头部左转，目视左肩后方，向左手和左臂方向转动上半身。保持这个姿势5-15秒钟。两侧都做这个动作。',NULL,NULL,NULL),(609,'YD3107','碾压脊柱',NULL,3,'','',NULL,NULL,NULL,NULL,NULL,NULL,NULL,'腰背 ','不要再特别坚硬的平面上做这个拉伸动作，最好能在垫子或者地毯上做。起始姿势为坐位，双手抱住膝盖并将它们拉向胸部。轻轻地上下碾压你的脊柱，同时保持下颌始终朝向胸部。滚动的时候，要用力均匀，控制自己的动作。前后滚动4-8次，或者直到感觉后背开始变灵活为止。动作不要太快。',NULL,NULL,NULL),(610,'YD3108','背部拉伸',NULL,3,'','',NULL,NULL,NULL,NULL,NULL,NULL,NULL,'腰背 ','双腿轻轻抬过头；缓缓向后滚动身体，在滚动时依次碾压每一节脊椎骨。刚开始练习的时候，你可能会很快完成向后滚的动作，但是随着练习时间的增加，你的后背会越来越放松。这样你就可以慢慢地滚动身体，去碾压每一节椎骨。在向后滚动时，双手握住腘窝并保持膝盖微屈。用手和手臂的力量保持腿部静止，这能让你更好地控制向后滚动的速度。头部要贴着地板。向后翻滚时，可能需要微微将头翘起以保持身体平衡。',NULL,NULL,NULL),(620,'YD3001','颈部后侧的拉伸',NULL,3,'','',NULL,NULL,NULL,NULL,NULL,NULL,NULL,'上肢','保持仰卧在地板上的姿势，拉伸脊椎上部及颈部。十指交叉置于脑后，与耳齐平。缓缓抬高颈部，直到感到颈后部有轻微的拉伸感，保持3-5秒钟。然后，缓缓恢复起始姿势。重复3-4次，直到颈椎上部及颈部逐步放松。在整个过程中保持下颌放松，并保持呼吸顺畅。',NULL,NULL,NULL),(621,'YD1001','步行（慢3km/h）',NULL,1,'60-90分钟/次','3-5次/周',NULL,NULL,NULL,NULL,NULL,NULL,NULL,'','',NULL,NULL,NULL);

/*Table structure for table `t_user` */

DROP TABLE IF EXISTS `t_user`;

CREATE TABLE `t_user` (
  `id` int(11) NOT NULL AUTO_INCREMENT,
  `birthday` date DEFAULT NULL,
  `gender` varchar(1) DEFAULT NULL,
  `username` varchar(32) DEFAULT NULL,
  `password` varchar(256) DEFAULT NULL,
  `remark` varchar(32) DEFAULT NULL,
  `station` varchar(1) DEFAULT NULL,
  `telephone` varchar(11) DEFAULT NULL,
  `name` varchar(255) DEFAULT NULL,
  `headimg` text,
  PRIMARY KEY (`id`)
) ENGINE=InnoDB AUTO_INCREMENT=19 DEFAULT CHARSET=utf8;

/*Data for the table `t_user` */

insert  into `t_user`(`id`,`birthday`,`gender`,`username`,`password`,`remark`,`station`,`telephone`,`name`,`headimg`) values (1,'2019-11-01','男','admin','$2a$10$x3AQfyx91HmCHrThr4fvyurT5in9fn6oxgGz.iKZgAxzXgVleaJHq','系统管理员','1','18505672204','鹿鸣苍藏','http://q1bny4qv1.bkt.clouddn.com/81968cedb1c74a6fa502c762875120e7.jpg'),(2,'2013-11-05','男','xiaoming','$2a$10$pqEAoxFn1JRbSPeJ/LhFfeYmuYXd3EXYjupEkrECklU8e7JXHt3g2',NULL,NULL,'11111222223','小明','http://q1bny4qv1.bkt.clouddn.com/c978616928114b40b0d00535f9b7b421.jpg'),(4,'2010-01-05','男','xiaoma','$2a$10$W7XuaxcAVtEU6ihWM3NLKulIytvNcr84JqcwksZzMicYWk23xaW72','111',NULL,'11112222','小马',NULL),(15,NULL,NULL,'xiaowu','$2a$10$F5yMOOpScrpPsZoOFdbxXefbz8JFvNDlH7ADIWyXIvPOmvnL98/E.','',NULL,'1234123','小吴',NULL),(16,'2019-12-09','男','1234','$2a$10$E9J/GxWd9ZvoI0ePGeWT7uzVawIspr95E19ROdN7Tj4VTQJGEWaj.','系统管理员1',NULL,'18505672293','小小',NULL),(18,'2019-12-17','男','xiaowang','$2a$10$RGcbWEOJISTAANFmnQAo8euvJCp1bBQ0e5GsCk6q2V/E2rqxdCfF.','',NULL,'18505672298','小王八12',NULL);

/*Table structure for table `t_user_role` */

DROP TABLE IF EXISTS `t_user_role`;

CREATE TABLE `t_user_role` (
  `user_id` int(11) NOT NULL,
  `role_id` int(11) NOT NULL,
  PRIMARY KEY (`user_id`,`role_id`),
  KEY `FK_Reference_8` (`role_id`),
  CONSTRAINT `FK_Reference_7` FOREIGN KEY (`user_id`) REFERENCES `t_user` (`id`),
  CONSTRAINT `FK_Reference_8` FOREIGN KEY (`role_id`) REFERENCES `t_role` (`id`)
) ENGINE=InnoDB DEFAULT CHARSET=utf8;

/*Data for the table `t_user_role` */

insert  into `t_user_role`(`user_id`,`role_id`) values (1,1),(2,1),(2,2),(4,2),(15,2),(16,2),(18,2),(18,8);

/*!40101 SET SQL_MODE=@OLD_SQL_MODE */;
/*!40014 SET FOREIGN_KEY_CHECKS=@OLD_FOREIGN_KEY_CHECKS */;
/*!40014 SET UNIQUE_CHECKS=@OLD_UNIQUE_CHECKS */;
/*!40111 SET SQL_NOTES=@OLD_SQL_NOTES */;
